id,age_first_funding_year,age_last_funding_year,age_first_milestone_year,age_last_milestone_year,relationships,funding_rounds,milestones,is_CA,is_NY,is_MA,is_TX,is_otherstate,has_VC,has_angel,has_roundA,has_roundB,has_roundC,has_roundD,avg_participants,labels,funding_total_usd_log,category_code_encoded,funding_duration,milestone_duration,milestones_per_year,avg_participants_per_round,situacao_funding
719,10.42,13.09,8.98,12.72,4,3,3,1,0,0,0,0,1,1,0,0,0,0,1.0,0,15.223444338835934,8,2.67,3.74,0.8174386920980926,0.25,Múltiplas rodadas de funding
429,3.79,3.79,-1.0,-1.0,21,1,0,0,1,0,0,0,0,0,0,1,0,0,1.0,1,17.622173069956816,0,0.0,0.0,0.0,0.5,Apenas uma rodada de funding
178,0.71,2.28,1.95,2.28,5,2,2,1,0,0,0,0,1,0,1,0,0,0,1.0,0,15.46416937585933,22,1.5699999999999998,0.32999999999999985,0.7782101167315175,0.3333333333333333,Múltiplas rodadas de funding
197,3.0,5.0,9.62,10.39,16,2,2,0,0,1,0,0,0,1,0,1,0,0,2.0,1,16.489659276356317,0,2.0,0.7700000000000014,0.6666666666666666,0.6666666666666666,Múltiplas rodadas de funding
444,0.66,5.88,6.21,8.61,29,5,4,1,0,0,0,0,0,0,1,1,1,1,2.8,1,18.064005814299346,33,5.22,2.3999999999999995,0.6430868167202572,0.4666666666666666,Múltiplas rodadas de funding
67,1.09,1.09,-1.0,-1.0,5,1,0,0,0,0,0,1,1,0,0,0,0,0,4.0,0,16.835935492889124,29,0.0,0.0,0.0,2.0,Apenas uma rodada de funding
505,0.65,0.65,-1.0,-1.0,3,1,0,1,0,0,0,0,0,0,1,0,0,0,1.0,0,13.710151153416941,29,0.0,0.0,0.0,0.5,Apenas uma rodada de funding
410,0.34,5.22,3.0,6.03,5,4,3,0,0,1,0,0,1,0,1,1,1,0,3.0,1,17.70180543534093,29,4.88,3.0300000000000002,0.5102040816326531,0.6,Múltiplas rodadas de funding
284,0.0,0.0,0.74,0.74,2,1,1,1,0,0,0,0,0,1,0,0,0,0,2.0,0,10.819798284210286,11,0.0,0.0,1.0,1.0,Recebeu funding no 1º ano
252,0.08,4.33,3.66,5.61,12,7,5,0,1,0,0,0,1,1,1,1,1,1,3.1667,1,18.300219382280847,17,4.25,1.9500000000000002,0.9523809523809523,0.3958375,Múltiplas rodadas de funding
324,0.75,3.07,3.92,4.5,16,3,2,1,0,0,0,0,0,1,0,0,0,0,3.6667,1,14.508658238524095,30,2.32,0.5800000000000001,0.6024096385542169,0.916675,Múltiplas rodadas de funding
105,1.25,1.25,2.17,4.6,21,2,2,1,0,0,0,0,0,1,1,0,0,0,4.0,1,15.607270193858982,33,0.0,2.4299999999999997,2.0,1.3333333333333333,Apenas uma rodada de funding
673,1.28,2.01,2.16,3.44,12,2,3,1,0,0,0,0,0,0,1,1,0,0,4.0,1,15.555976908243359,8,0.7299999999999998,1.2799999999999998,1.7341040462427748,1.3333333333333333,Múltiplas rodadas de funding
749,0.0,0.0,0.33,0.33,2,1,1,0,1,0,0,0,0,0,0,0,0,0,6.0,0,14.220976332738882,9,0.0,0.0,1.0,3.0,Recebeu funding no 1º ano
211,2.24,4.03,-1.0,-1.0,3,2,0,0,0,1,0,0,0,0,0,1,1,0,2.5,1,16.59432989206649,29,1.79,0.0,0.0,0.8333333333333334,Múltiplas rodadas de funding
841,0.0,0.0,-1.0,-1.0,21,1,2,1,0,0,0,0,1,0,0,0,0,0,4.0,1,15.551581297543178,33,0.0,0.0,2.0,2.0,Recebeu funding no 1º ano
48,0.25,0.25,1.12,1.66,9,1,2,0,0,1,0,0,0,0,1,0,0,0,1.0,1,14.914123179965662,29,0.0,0.5399999999999998,2.0,0.5,Apenas uma rodada de funding
381,0.22,2.05,0.04,3.92,8,4,3,0,1,0,0,0,1,0,1,0,0,0,1.5,1,15.068272955030908,0,1.8299999999999998,3.88,1.0600706713780919,0.3,Múltiplas rodadas de funding
315,0.75,7.82,4.32,5.9,16,7,3,0,0,0,0,1,1,0,1,1,0,0,1.3333,0,17.08852678037267,33,7.07,1.58,0.37174721189591076,0.1666625,Múltiplas rodadas de funding
831,1.23,1.23,0.32,1.3,4,2,2,1,0,0,0,0,0,1,0,0,0,0,3.0,1,14.151983508870947,8,0.0,0.98,2.0,1.0,Apenas uma rodada de funding
130,2.42,5.44,2.0,2.0,2,3,1,1,0,0,0,0,1,0,0,1,0,0,3.5,1,17.077445910607096,27,3.0200000000000005,0.0,0.24875621890547261,0.875,Múltiplas rodadas de funding
452,3.6,7.93,8.59,9.11,1,3,2,0,0,0,0,1,0,0,0,1,1,1,4.5,1,16.88173223597427,29,4.33,0.5199999999999996,0.37523452157598497,1.125,Múltiplas rodadas de funding
580,2.21,4.65,-1.0,-1.0,1,2,1,0,0,0,1,0,1,0,0,0,1,0,2.0,1,16.811242881518265,26,2.4400000000000004,0.0,0.2906976744186046,0.6666666666666666,Múltiplas rodadas de funding
599,1.46,6.39,6.42,6.42,4,3,1,1,0,0,0,0,0,0,1,1,1,0,5.0,1,17.87595358575207,3,4.93,0.0,0.16863406408094436,1.25,Múltiplas rodadas de funding
194,1.16,3.04,3.27,5.54,7,2,2,1,0,0,0,0,0,0,1,1,0,0,3.5,1,17.858561843342684,33,1.8800000000000001,2.27,0.6944444444444444,1.1666666666666667,Múltiplas rodadas de funding
754,1.59,1.59,1.19,2.55,6,1,2,1,0,0,0,0,0,0,1,0,0,0,2.0,1,14.914123179965662,29,0.0,1.3599999999999999,2.0,1.0,Apenas uma rodada de funding
485,1.59,3.18,-1.0,-1.0,1,3,0,0,0,0,0,1,1,0,1,1,0,0,2.0,1,16.99979497947072,27,1.59,0.0,0.0,0.5,Múltiplas rodadas de funding
487,1.42,3.33,4.42,9.82,11,2,3,1,0,0,0,0,0,0,1,1,0,0,3.5,1,17.399029524198163,12,1.9100000000000001,5.4,1.0309278350515463,1.1666666666666667,Múltiplas rodadas de funding
299,4.3,4.3,-1.0,-1.0,0,1,0,0,0,0,0,1,0,0,1,0,0,0,1.0,0,14.77102238760702,23,0.0,0.0,0.0,0.5,Apenas uma rodada de funding
223,1.25,1.25,2.59,2.59,6,1,1,1,0,0,0,0,0,0,0,0,0,0,1.0,0,14.220976332738882,6,0.0,0.0,1.0,0.5,Apenas uma rodada de funding
220,4.04,4.04,6.0,6.0,10,1,1,0,1,0,0,0,0,0,1,0,0,0,1.0,1,16.811242881518265,0,0.0,0.0,1.0,0.5,Apenas uma rodada de funding
764,0.63,0.63,0.59,3.01,8,2,2,1,0,0,0,0,0,1,1,0,0,0,5.0,1,14.74570458948466,33,0.0,2.42,2.0,1.6666666666666667,Apenas uma rodada de funding
807,0.16,1.5,3.16,5.55,6,2,2,1,0,0,0,0,0,1,1,0,0,0,1.0,1,15.068273812173887,29,1.34,2.3899999999999997,0.8547008547008548,0.3333333333333333,Múltiplas rodadas de funding
798,0.86,2.93,3.0,3.0,4,3,1,1,0,0,0,0,0,0,1,1,0,0,2.0,1,16.759949589762293,8,2.0700000000000003,0.0,0.3257328990228013,0.5,Múltiplas rodadas de funding
869,5.2,8.12,8.01,8.01,2,2,1,0,0,1,0,0,1,0,0,0,1,0,2.5,0,16.118095750958314,23,2.919999999999999,0.0,0.2551020408163266,0.8333333333333334,Múltiplas rodadas de funding
295,1.24,4.97,1.0,1.0,1,5,1,0,0,1,0,0,1,0,1,0,0,0,2.0,0,16.390410322440438,33,3.7299999999999995,0.0,0.21141649048625794,0.3333333333333333,Múltiplas rodadas de funding
264,-1.0,-1.0,-1.0,-1.0,3,1,0,0,0,0,0,1,1,0,0,0,0,0,1.0,0,15.955576839107596,21,0.0,0.0,0.0,0.5,Nunca recebeu funding
321,0.04,2.13,1.76,4.87,9,3,4,0,1,0,0,0,0,0,1,1,0,0,2.0,1,15.53827733427679,33,2.09,3.1100000000000003,1.2944983818770228,0.5,Múltiplas rodadas de funding
697,1.25,1.88,2.25,3.22,4,2,2,1,0,0,0,0,0,1,1,0,0,0,2.5,1,13.83531416565213,28,0.6299999999999999,0.9700000000000002,1.2269938650306749,0.8333333333333334,Múltiplas rodadas de funding
450,4.37,9.36,4.0,9.36,5,3,2,1,0,0,0,0,1,0,1,1,0,0,2.6667,1,17.01461382788412,8,4.989999999999999,5.359999999999999,0.33388981636060105,0.666675,Múltiplas rodadas de funding
50,3.21,3.21,5.25,7.88,11,1,2,1,0,0,0,0,0,0,0,0,0,1,2.0,1,16.118095750958314,29,0.0,2.63,2.0,1.0,Apenas uma rodada de funding
478,0.04,1.59,2.28,4.39,4,2,2,0,0,0,0,1,0,0,1,0,0,0,2.0,1,16.118095750958314,33,1.55,2.11,0.7843137254901962,0.6666666666666666,Múltiplas rodadas de funding
731,5.64,5.64,4.25,4.25,3,1,1,0,0,1,0,0,0,0,0,0,0,1,4.0,1,16.166885910365842,26,0.0,0.0,1.0,2.0,Apenas uma rodada de funding
795,0.67,2.08,3.03,4.29,23,3,3,1,0,0,0,0,0,1,1,1,0,0,2.6667,1,16.118095750958314,0,1.4100000000000001,1.2600000000000002,1.2448132780082988,0.666675,Múltiplas rodadas de funding
566,1.8,1.8,1.92,1.92,8,1,1,0,1,0,0,0,0,1,0,0,0,0,8.0,1,13.910821646859095,33,0.0,0.0,1.0,4.0,Apenas uma rodada de funding
466,7.51,9.95,0.42,0.42,3,5,1,1,0,0,0,0,1,0,0,0,0,1,5.6667,1,17.75612103968068,11,2.4399999999999995,0.0,0.29069767441860467,0.9444499999999999,Múltiplas rodadas de funding
896,2.12,6.02,2.0,6.51,5,3,2,0,0,1,0,0,1,0,1,1,0,0,1.6667,1,16.90199724044883,29,3.8999999999999995,4.51,0.4081632653061225,0.416675,Múltiplas rodadas de funding
312,1.16,7.5,-1.0,-1.0,5,4,0,1,0,0,0,0,0,0,1,1,1,0,2.0,1,16.759949589762293,11,6.34,0.0,0.0,0.4,Múltiplas rodadas de funding
786,-1.0,-1.0,0.05,0.05,1,1,1,0,1,0,0,0,0,1,0,0,0,0,1.0,0,11.918397239722838,11,0.0,0.0,1.0,0.5,Nunca recebeu funding
49,0.19,1.19,1.36,1.66,6,2,2,1,0,0,0,0,0,1,0,0,0,0,9.5,1,13.959611767738522,29,1.0,0.2999999999999998,1.0,3.1666666666666665,Múltiplas rodadas de funding
706,0.82,0.82,-1.0,-1.0,0,1,0,1,0,0,0,0,0,0,0,0,0,0,1.0,0,14.508658238524095,0,0.0,0.0,0.0,0.5,Apenas uma rodada de funding
909,1.0,6.45,6.53,7.01,28,4,2,1,0,0,0,0,0,0,1,1,1,0,7.5,1,18.505940597085925,4,5.45,0.47999999999999954,0.31007751937984496,1.5,Múltiplas rodadas de funding
874,1.97,3.19,2.25,2.25,5,2,1,1,0,0,0,0,0,0,1,1,0,0,2.5,1,16.36495580701484,17,1.22,0.0,0.4504504504504505,0.8333333333333334,Múltiplas rodadas de funding
378,2.48,4.82,5.59,11.95,21,2,3,1,0,0,0,0,0,0,0,1,0,1,4.0,1,17.93454774903691,12,2.3400000000000003,6.359999999999999,0.8982035928143711,1.3333333333333333,Múltiplas rodadas de funding
496,0.07,4.39,-1.0,-1.0,15,4,0,0,0,0,0,1,0,1,1,0,1,1,4.75,1,18.06257622151019,3,4.319999999999999,0.0,0.0,0.95,Múltiplas rodadas de funding
189,4.65,8.13,6.01,6.01,4,4,1,1,0,0,0,0,1,0,1,1,0,0,1.0,1,15.791008773742771,8,3.4800000000000004,0.0,0.2232142857142857,0.2,Múltiplas rodadas de funding
490,-1.0,-1.0,0.83,0.83,1,1,1,1,0,0,0,0,0,0,0,0,0,0,1.0,0,14.508658238524095,33,0.0,0.0,1.0,0.5,Nunca recebeu funding
20,2.5,2.83,3.09,3.49,13,2,3,1,0,0,0,0,0,0,1,1,0,0,1.0,0,17.147715103853763,8,0.33000000000000007,0.40000000000000036,2.255639097744361,0.3333333333333333,Múltiplas rodadas de funding
684,2.92,4.92,2.0,12.51,6,2,5,0,0,1,0,0,0,0,1,1,0,0,1.0,1,16.588099342704055,33,2.0,10.51,1.6666666666666667,0.3333333333333333,Múltiplas rodadas de funding
495,0.0,2.43,2.43,2.5,8,2,2,0,1,0,0,0,0,1,1,0,0,0,4.0,0,16.016063036135133,33,2.43,0.06999999999999984,0.5830903790087463,1.3333333333333333,Recebeu funding no 1º ano
700,1.16,4.16,3.0,8.92,19,4,4,1,0,0,0,0,0,0,1,1,1,1,1.3333,1,17.312018149733785,17,3.0,5.92,1.0,0.26666,Múltiplas rodadas de funding
86,5.44,5.44,-1.0,-1.0,1,1,0,0,0,0,0,1,0,0,1,0,0,0,3.0,0,13.815511557963774,29,0.0,0.0,0.0,1.5,Apenas uma rodada de funding
399,5.08,5.08,4.76,6.05,7,1,2,1,0,0,0,0,0,0,1,0,0,0,1.0,1,15.424948670398354,8,0.0,1.29,2.0,0.5,Apenas uma rodada de funding
557,0.0,2.75,3.33,5.24,9,2,2,0,0,1,0,0,0,0,1,1,0,0,1.0,1,16.811242881518265,8,2.75,1.9100000000000001,0.5333333333333333,0.3333333333333333,Recebeu funding no 1º ano
232,0.42,1.47,3.13,4.14,12,2,3,1,0,0,0,0,0,0,1,0,0,0,3.5,1,15.830413711839864,8,1.05,1.0099999999999998,1.4634146341463417,1.1666666666666667,Múltiplas rodadas de funding
218,1.14,3.74,2.46,3.22,14,3,3,1,0,0,0,0,0,0,1,1,0,0,3.0,1,16.470862899791964,33,2.6000000000000005,0.7600000000000002,0.8333333333333333,0.75,Múltiplas rodadas de funding
307,4.37,4.37,-1.0,-1.0,0,1,0,0,0,0,0,1,0,0,1,0,0,0,3.0,0,13.403022345492023,14,0.0,0.0,0.0,1.5,Apenas uma rodada de funding
672,0.92,2.49,2.58,5.38,18,3,3,0,0,0,0,1,1,0,1,1,0,0,3.3333,1,16.924571561468124,17,1.5700000000000003,2.8,1.1673151750972761,0.833325,Múltiplas rodadas de funding
202,0.0,0.0,-1.0,-1.0,1,1,0,0,0,0,0,1,0,0,0,0,0,0,2.0,0,17.622173069956816,33,0.0,0.0,0.0,1.0,Recebeu funding no 1º ano
296,2.82,2.82,0.0,2.82,1,1,2,0,0,0,0,1,0,0,1,0,0,0,1.0,0,16.811242881518265,29,0.0,2.82,2.0,0.5,Apenas uma rodada de funding
351,0.33,0.33,-1.0,-1.0,3,1,1,0,0,0,0,1,0,1,0,0,0,0,1.0,0,9.90353755128617,33,0.0,0.0,1.0,0.5,Apenas uma rodada de funding
41,0.0,4.8,3.72,7.62,26,4,5,0,0,0,0,1,0,0,1,1,1,0,3.0,1,17.312018149733785,8,4.8,3.9,0.8620689655172414,0.6,Recebeu funding no 1º ano
825,11.15,11.15,-1.0,-1.0,0,1,0,0,0,0,0,1,0,0,0,1,0,0,7.0,0,16.705882371415992,27,0.0,0.0,0.0,3.5,Apenas uma rodada de funding
436,4.03,4.08,-1.0,-1.0,3,2,0,0,0,0,0,1,1,0,0,0,0,0,1.0,0,14.629753060277123,3,0.04999999999999982,0.0,0.0,0.3333333333333333,Múltiplas rodadas de funding
120,1.75,1.75,1.0,2.11,4,1,2,0,1,0,0,0,0,1,0,0,0,0,6.0,1,13.26212705890841,33,0.0,1.1099999999999999,2.0,3.0,Apenas uma rodada de funding
96,3.72,3.72,-1.0,-1.0,1,1,0,1,0,0,0,0,0,0,0,1,0,0,3.0,0,15.201805169084134,23,0.0,0.0,0.0,1.5,Apenas uma rodada de funding
380,5.01,5.01,4.95,7.37,23,4,6,0,0,1,0,0,0,0,1,1,1,0,2.5,1,16.765198945372877,17,0.0,2.42,6.0,0.5,Apenas uma rodada de funding
556,1.78,2.39,2.31,4.63,37,2,3,1,0,0,0,0,0,0,1,0,0,0,4.0,1,18.1462439114085,11,0.6100000000000001,2.32,1.8633540372670807,1.3333333333333333,Múltiplas rodadas de funding
136,5.16,6.01,-1.0,-1.0,1,3,0,0,0,0,0,1,1,0,0,1,0,0,1.0,1,17.039637053901,17,0.8499999999999996,0.0,0.0,0.25,Múltiplas rodadas de funding
227,4.24,4.24,-1.0,-1.0,1,1,0,1,0,0,0,0,0,0,0,0,0,1,6.0,1,17.72753358339242,3,0.0,0.0,0.0,3.0,Apenas uma rodada de funding
266,1.34,1.34,1.35,1.35,3,1,1,1,0,0,0,0,0,0,1,0,0,0,2.0,1,14.508658238524095,29,0.0,0.0,1.0,1.0,Apenas uma rodada de funding
39,0.17,2.65,0.61,4.75,10,3,3,1,0,0,0,0,0,1,1,0,0,0,2.3333,1,14.41595181469963,6,2.48,4.14,0.8620689655172414,0.583325,Múltiplas rodadas de funding
602,3.65,3.65,-1.0,-1.0,2,1,0,1,0,0,0,0,0,0,0,0,1,0,4.0,0,16.860033043306743,29,0.0,0.0,0.0,2.0,Apenas uma rodada de funding
756,6.55,8.6,5.0,5.0,4,3,1,1,0,0,0,0,1,0,0,0,1,0,2.5,1,17.081270006899263,27,2.05,0.0,0.3278688524590164,0.625,Múltiplas rodadas de funding
890,0.0,3.45,2.02,3.98,9,4,3,1,0,0,0,0,0,0,1,1,1,1,3.0,1,17.399029524198163,29,3.45,1.96,0.6741573033707865,0.6,Recebeu funding no 1º ano
782,3.92,9.3,10.75,10.75,10,2,1,1,0,0,0,0,1,0,1,0,0,0,2.0,1,17.01418371633128,12,5.380000000000001,0.0,0.1567398119122257,0.6666666666666666,Múltiplas rodadas de funding
111,0.79,2.9,3.05,6.52,11,2,3,1,0,0,0,0,0,1,1,0,0,0,4.0,1,14.827111833279051,33,2.11,3.4699999999999998,0.9646302250803859,1.3333333333333333,Múltiplas rodadas de funding
267,1.11,1.94,0.0,1.11,3,2,2,0,0,0,1,0,0,0,1,0,0,0,1.5,1,15.226497775576945,8,0.8299999999999998,1.11,1.092896174863388,0.5,Múltiplas rodadas de funding
884,1.48,2.25,2.25,2.25,6,2,1,1,0,0,0,0,1,0,0,0,0,0,1.0,1,15.201805169084134,33,0.77,0.0,0.5649717514124294,0.3333333333333333,Múltiplas rodadas de funding
918,5.63,8.76,8.5,8.76,9,5,2,0,0,0,0,1,1,0,0,0,1,1,5.6,1,18.623621596112322,17,3.13,0.2599999999999998,0.48426150121065376,0.9333333333333332,Múltiplas rodadas de funding
806,1.0,2.71,-1.0,-1.0,1,2,0,0,1,0,0,0,0,0,1,1,0,0,1.0,0,16.300417291085605,11,1.71,0.0,0.0,0.3333333333333333,Múltiplas rodadas de funding
131,7.53,7.53,10.73,10.73,2,1,1,0,1,0,0,0,1,0,0,0,0,0,5.0,1,17.216707972959764,33,0.0,0.0,1.0,2.5,Apenas uma rodada de funding
905,4.28,4.28,-1.0,-1.0,4,1,0,0,0,0,1,0,0,0,0,0,0,1,2.0,0,16.012735246411598,21,0.0,0.0,0.0,1.0,Apenas uma rodada de funding
150,4.16,4.16,5.58,11.39,5,2,5,1,0,0,0,0,0,0,1,1,0,0,4.0,1,17.022313842084035,33,0.0,5.8100000000000005,5.0,1.3333333333333333,Apenas uma rodada de funding
376,0.36,0.36,0.38,0.54,9,1,3,1,0,0,0,0,0,1,0,0,0,0,1.0,0,11.51293546492023,6,0.0,0.16000000000000003,3.0,0.5,Apenas uma rodada de funding
898,0.0,5.3,5.0,5.0,17,4,1,1,0,0,0,0,1,0,1,1,0,0,2.25,1,17.36225027373553,29,5.3,0.0,0.15873015873015872,0.45,Recebeu funding no 1º ano
765,5.47,8.95,8.84,8.95,4,3,2,0,0,0,1,0,1,0,0,1,1,0,5.3333,1,16.759949589762293,8,3.4799999999999995,0.10999999999999943,0.44642857142857145,1.333325,Múltiplas rodadas de funding
344,3.06,5.01,-1.0,-1.0,2,4,0,1,0,0,0,0,1,0,1,1,0,0,4.3333,1,18.308631262515107,3,1.9499999999999997,0.0,0.0,0.8666600000000001,Múltiplas rodadas de funding
448,6.44,9.0,10.01,10.01,10,3,1,1,0,0,0,0,0,0,0,0,0,1,3.0,1,17.281246492014,27,2.5599999999999996,0.0,0.2808988764044944,0.75,Múltiplas rodadas de funding
710,6.33,7.53,7.17,10.93,8,3,3,1,0,0,0,0,0,0,1,1,0,0,2.3333,1,16.67198082165602,33,1.2000000000000002,3.76,1.3636363636363635,0.583325,Múltiplas rodadas de funding
799,3.47,3.47,2.0,2.0,3,1,1,1,0,0,0,0,0,0,0,1,0,0,4.0,1,17.216707972959764,27,0.0,0.0,1.0,2.0,Apenas uma rodada de funding
332,5.57,8.53,5.61,7.84,3,3,2,1,0,0,0,0,1,0,0,0,1,0,1.5,0,17.40732832678329,2,2.959999999999999,2.2299999999999995,0.5050505050505052,0.375,Múltiplas rodadas de funding
271,4.32,5.83,-1.0,-1.0,1,2,0,0,0,1,0,0,0,0,1,1,0,0,3.0,0,16.588099342704055,29,1.5099999999999998,0.0,0.0,1.0,Múltiplas rodadas de funding
38,1.06,5.7,-1.0,-1.0,0,3,0,1,0,0,0,0,0,0,0,1,1,0,4.5,0,17.599700214609808,12,4.640000000000001,0.0,0.0,1.125,Múltiplas rodadas de funding
843,0.0,0.0,-1.0,-1.0,2,1,0,0,0,0,0,1,0,1,0,0,0,0,1.0,0,11.736077016252437,8,0.0,0.0,0.0,0.5,Recebeu funding no 1º ano
234,1.44,6.68,2.0,2.0,7,4,1,1,0,0,0,0,1,0,1,0,0,0,1.0,1,15.601419781158732,29,5.24,0.0,0.16025641025641024,0.2,Múltiplas rodadas de funding
314,0.5,3.1,2.24,3.76,10,3,3,1,0,0,0,0,0,1,1,1,0,0,2.0,1,15.803385043104912,0,2.6,1.5199999999999996,0.8333333333333333,0.5,Múltiplas rodadas de funding
34,0.0,0.87,0.41,2.17,3,2,2,1,0,0,0,0,1,0,0,0,0,0,5.0,1,14.650591234412886,17,0.87,1.76,1.06951871657754,1.6666666666666667,Recebeu funding no 1º ano
388,7.69,14.03,12.5,14.03,3,3,2,0,0,1,0,0,1,0,1,1,0,0,2.3333,0,16.99979497947072,29,6.339999999999999,1.5299999999999994,0.2724795640326976,0.583325,Múltiplas rodadas de funding
400,0.0,2.54,3.77,5.92,9,3,3,1,0,0,0,0,1,1,1,0,0,0,1.6667,1,14.737783759130211,19,2.54,2.15,0.847457627118644,0.416675,Recebeu funding no 1º ano
866,0.79,4.32,3.98,3.98,5,3,1,1,0,0,0,0,0,0,1,1,0,0,2.6667,1,17.05418904934434,4,3.5300000000000002,0.0,0.22075055187637968,0.666675,Múltiplas rodadas de funding
364,3.34,3.94,-1.0,4.72,5,3,4,1,0,0,0,0,0,1,0,0,0,0,1.0,1,14.414347608503377,17,0.6000000000000001,5.72,2.5,0.25,Múltiplas rodadas de funding
230,1.68,5.85,8.42,8.42,4,3,1,1,0,0,0,0,0,0,0,1,1,1,4.5,1,17.136601685489413,4,4.17,0.0,0.19342359767891684,1.125,Múltiplas rodadas de funding
306,4.76,6.22,3.67,6.22,2,2,2,1,0,0,0,0,0,0,1,1,0,0,3.5,1,16.648723960844016,17,1.46,2.55,0.8130081300813008,1.1666666666666667,Múltiplas rodadas de funding
856,1.93,1.93,1.67,2.47,1,1,2,1,0,0,0,0,1,0,0,0,0,0,2.0,1,16.300417291085605,29,0.0,0.8000000000000003,2.0,1.0,Apenas uma rodada de funding
303,0.83,7.25,8.01,8.4,23,7,4,0,1,0,0,0,0,1,1,1,1,1,2.0,1,17.122397296785223,11,6.42,0.39000000000000057,0.5390835579514824,0.25,Múltiplas rodadas de funding
627,2.16,4.96,-1.0,-1.0,2,2,0,0,0,0,0,1,0,0,1,0,0,0,2.0,0,15.201805169084134,16,2.8,0.0,0.0,0.6666666666666666,Múltiplas rodadas de funding
80,1.34,1.34,0.0,1.55,4,7,2,0,0,1,0,0,1,1,0,0,0,0,1.0,0,13.03305773423396,17,0.0,1.55,2.0,0.125,Apenas uma rodada de funding
616,2.0,2.0,3.66,4.08,12,1,2,1,0,0,0,0,0,0,0,1,0,0,3.0,1,16.213405921671733,8,0.0,0.41999999999999993,2.0,1.5,Apenas uma rodada de funding
515,3.09,3.09,5.0,5.0,6,1,1,1,0,0,0,0,0,0,1,0,0,0,5.0,1,14.946912992035967,0,0.0,0.0,1.0,2.5,Apenas uma rodada de funding
642,0.42,0.42,-1.0,-1.0,5,3,0,0,0,0,0,1,0,1,0,0,0,0,1.0,0,15.59046307836746,29,0.0,0.0,0.0,0.25,Apenas uma rodada de funding
658,2.1,2.1,2.28,3.17,6,1,3,1,0,0,0,0,0,0,1,0,0,0,2.0,1,15.226497775576945,0,0.0,0.8900000000000001,3.0,1.0,Apenas uma rodada de funding
15,4.67,9.0,8.84,8.84,12,5,1,0,0,0,0,1,0,0,1,1,0,0,2.5,1,16.185754392890075,29,4.33,0.0,0.18761726078799248,0.4166666666666667,Múltiplas rodadas de funding
532,0.02,0.02,0.0,0.0,1,1,1,0,0,0,0,1,0,1,0,0,0,0,2.0,0,10.308985993422082,0,0.0,0.0,1.0,1.0,Apenas uma rodada de funding
746,1.76,2.33,0.88,3.03,12,2,3,1,0,0,0,0,1,0,1,0,0,0,1.0,0,15.07657497389894,33,0.5700000000000001,2.15,1.910828025477707,0.3333333333333333,Múltiplas rodadas de funding
411,0.0,1.41,1.41,1.41,1,2,1,1,0,0,0,0,0,1,1,0,0,0,2.5,0,15.024471202308668,16,1.41,0.0,0.41493775933609955,0.8333333333333334,Recebeu funding no 1º ano
524,2.22,7.33,7.01,7.01,4,3,1,1,0,0,0,0,1,1,0,1,0,0,1.6667,1,16.213405921671733,29,5.109999999999999,0.0,0.16366612111292964,0.416675,Múltiplas rodadas de funding
237,1.09,1.09,5.1,7.39,15,1,2,1,0,0,0,0,0,0,1,0,0,0,2.0,1,16.257857680289998,0,0.0,2.29,2.0,1.0,Apenas uma rodada de funding
101,20.81,20.81,-1.0,-1.0,2,1,0,0,0,0,0,1,0,0,0,1,0,0,7.0,0,17.281246492014,29,0.0,0.0,0.0,3.5,Apenas uma rodada de funding
21,2.21,3.79,4.09,9.5,8,2,3,0,0,0,1,0,0,1,1,0,0,0,1.5,1,15.286835397889838,29,1.58,5.41,1.1627906976744187,0.5,Múltiplas rodadas de funding
873,6.94,9.16,6.01,6.01,6,3,1,1,0,0,0,0,0,0,0,0,0,1,3.0,1,16.380459992348886,17,2.2199999999999998,0.0,0.31055900621118016,0.75,Múltiplas rodadas de funding
387,1.33,2.06,3.25,3.78,11,2,2,1,0,0,0,0,0,0,1,1,0,0,3.0,1,16.380459992348886,17,0.73,0.5299999999999998,1.1560693641618498,1.0,Múltiplas rodadas de funding
718,2.44,2.44,2.33,2.44,10,1,2,0,0,0,0,1,1,0,0,0,0,0,5.0,1,16.648723960844016,8,0.0,0.10999999999999988,2.0,2.5,Apenas uma rodada de funding
329,0.84,5.75,4.98,7.03,13,5,3,1,0,0,0,0,1,1,1,1,0,0,2.4,1,17.024336087383013,18,4.91,2.05,0.5076142131979695,0.39999999999999997,Múltiplas rodadas de funding
83,3.51,3.96,3.95,4.84,5,2,3,0,0,0,0,1,1,0,0,0,0,0,2.5,0,20.04992128564343,4,0.4500000000000002,0.8899999999999997,2.068965517241379,0.8333333333333334,Múltiplas rodadas de funding
242,1.21,3.01,-1.0,-1.0,4,2,0,1,0,0,0,0,0,0,1,0,0,0,2.0,0,15.76142084987672,29,1.7999999999999998,0.0,0.0,0.6666666666666666,Múltiplas rodadas de funding
291,2.25,5.04,-1.0,-1.0,2,2,0,1,0,0,0,0,1,0,0,1,0,0,3.0,0,16.066802461833923,12,2.79,0.0,0.0,1.0,Múltiplas rodadas de funding
317,0.08,0.08,0.0,0.0,1,1,1,0,1,0,0,0,0,1,0,0,0,0,2.0,0,10.34177474101152,33,0.0,0.0,1.0,1.0,Apenas uma rodada de funding
622,5.64,5.64,8.01,11.33,9,1,2,0,0,1,0,0,0,0,0,0,0,1,4.0,1,16.357112630168974,23,0.0,3.3200000000000003,2.0,2.0,Apenas uma rodada de funding
482,0.08,5.04,1.83,1.83,10,3,1,1,0,0,0,0,0,0,0,1,1,0,2.5,1,16.798348607159696,29,4.96,0.0,0.16778523489932887,0.625,Múltiplas rodadas de funding
797,1.75,9.96,9.34,10.46,35,7,3,0,0,0,0,1,1,0,1,1,0,0,2.0,1,17.332196701002704,33,8.21,1.120000000000001,0.3257328990228013,0.25,Múltiplas rodadas de funding
769,0.4,3.76,3.0,3.0,15,4,1,1,0,0,0,0,0,0,1,1,1,1,2.5,1,18.619531610894253,3,3.36,0.0,0.22935779816513766,0.5,Múltiplas rodadas de funding
474,0.58,2.51,0.59,4.97,9,3,4,1,0,0,0,0,1,1,0,0,0,0,1.0,1,14.162640795773006,28,1.9299999999999997,4.38,1.3651877133105803,0.25,Múltiplas rodadas de funding
37,0.62,1.59,1.0,4.33,8,2,3,1,0,0,0,0,0,0,1,1,0,0,2.0,0,16.496532155171714,29,0.9700000000000001,3.33,1.5228426395939085,0.6666666666666666,Múltiplas rodadas de funding
571,2.45,5.16,7.67,8.22,7,3,2,0,0,1,0,0,0,0,1,1,1,0,2.6667,1,17.147715103853763,29,2.71,0.5500000000000007,0.5390835579514824,0.666675,Múltiplas rodadas de funding
184,2.93,4.63,-1.0,-1.0,13,2,0,1,0,0,0,0,0,0,1,1,0,0,2.0,1,16.536806051605975,29,1.6999999999999997,0.0,0.0,0.6666666666666666,Múltiplas rodadas de funding
231,2.19,2.19,-1.0,-1.0,32,1,0,0,0,0,1,0,0,0,0,1,0,0,4.0,0,16.012735246411598,27,0.0,0.0,0.0,2.0,Apenas uma rodada de funding
233,0.69,1.5,3.42,3.42,9,2,1,0,0,0,1,0,0,0,1,0,0,0,2.0,1,16.118095750958314,29,0.81,0.0,0.5524861878453039,0.6666666666666666,Múltiplas rodadas de funding
773,4.13,6.15,5.57,6.11,10,2,3,0,0,0,0,1,1,0,0,1,0,0,3.0,0,14.600325383254319,23,2.0200000000000005,0.54,0.9933774834437085,1.0,Múltiplas rodadas de funding
592,2.18,3.31,2.73,3.54,6,2,2,1,0,0,0,0,1,0,1,0,0,0,1.5,1,14.508658238524095,33,1.13,0.81,0.9389671361502347,0.5,Múltiplas rodadas de funding
699,0.17,3.92,0.0,2.92,8,2,2,0,1,0,0,0,0,1,1,0,0,0,4.0,1,16.503358119776173,29,3.75,2.92,0.42105263157894735,1.3333333333333333,Múltiplas rodadas de funding
575,4.47,4.47,6.75,6.75,6,1,1,0,0,0,0,1,0,0,0,0,0,1,4.0,1,16.380459992348886,29,0.0,0.0,1.0,2.0,Apenas uma rodada de funding
509,1.86,4.6,3.92,6.43,15,4,3,1,0,0,0,0,1,0,0,1,1,0,2.25,1,16.51013780630191,17,2.7399999999999993,2.51,0.8021390374331552,0.45,Múltiplas rodadas de funding
819,2.93,5.53,3.92,6.2,6,2,2,0,0,0,0,1,0,0,1,0,0,0,3.0,1,16.077273760604726,8,2.6,2.2800000000000002,0.5555555555555556,1.0,Múltiplas rodadas de funding
133,0.6,4.22,-1.0,4.48,9,3,2,1,0,0,0,0,0,0,1,1,1,0,2.0,1,16.066802461833923,29,3.6199999999999997,5.48,0.43290043290043295,0.5,Múltiplas rodadas de funding
43,0.1,2.39,2.33,2.79,7,2,2,1,0,0,0,0,1,0,1,0,0,0,1.0,0,15.201805169084134,32,2.29,0.45999999999999996,0.60790273556231,0.3333333333333333,Múltiplas rodadas de funding
486,1.75,3.55,2.0,2.0,4,2,1,1,0,0,0,0,0,0,1,1,0,0,1.0,0,18.197537205138154,17,1.7999999999999998,0.0,0.35714285714285715,0.3333333333333333,Múltiplas rodadas de funding
883,0.11,4.73,-1.0,-1.0,0,4,0,0,0,0,1,0,1,0,1,0,0,0,1.0,0,16.788485895546543,5,4.62,0.0,0.0,0.2,Múltiplas rodadas de funding
702,0.24,3.76,2.42,3.88,10,4,3,0,0,0,1,0,0,0,1,1,1,0,4.0,0,17.312018149733785,29,3.5199999999999996,1.46,0.6637168141592921,0.8,Múltiplas rodadas de funding
631,0.77,0.77,0.0,0.0,1,1,1,1,0,0,0,0,0,1,0,0,0,0,1.0,0,10.819798284210286,16,0.0,0.0,1.0,0.5,Apenas uma rodada de funding
845,0.25,0.64,1.27,1.75,6,2,2,0,0,0,0,1,0,1,0,0,0,0,5.0,1,13.184400648021263,8,0.39,0.48,1.4388489208633093,1.6666666666666667,Múltiplas rodadas de funding
84,3.93,4.68,4.0,4.0,3,2,1,1,0,0,0,0,0,0,1,1,0,0,2.5,1,16.719675692787295,25,0.7499999999999996,0.0,0.5714285714285716,0.8333333333333334,Múltiplas rodadas de funding
820,0.25,7.42,3.92,10.92,9,5,3,0,0,0,0,1,0,0,1,1,1,1,1.4,1,17.879395929883795,17,7.17,7.0,0.36719706242350064,0.2333333333333333,Múltiplas rodadas de funding
158,1.67,3.67,3.67,3.67,12,2,3,0,0,1,0,0,0,1,1,0,0,0,3.0,1,15.201805169084134,33,2.0,0.0,1.0,1.0,Múltiplas rodadas de funding
318,1.75,2.73,1.75,6.15,16,3,4,1,0,0,0,0,0,0,1,1,0,0,3.3333,1,16.88356353960952,17,0.98,4.4,2.0202020202020203,0.833325,Múltiplas rodadas de funding
60,5.2,6.19,7.51,12.89,6,2,2,0,0,0,0,1,0,0,1,1,0,0,4.5,1,16.118095750958314,17,0.9900000000000002,5.380000000000001,1.0050251256281406,1.5,Múltiplas rodadas de funding
451,5.65,5.65,-1.0,-1.0,0,1,0,1,0,0,0,0,1,0,0,0,0,0,2.0,0,14.731801689838349,29,0.0,0.0,0.0,1.0,Apenas uma rodada de funding
226,2.0,4.39,1.58,4.19,7,4,2,0,0,0,0,1,0,1,1,1,0,0,2.0,0,17.216707972959764,19,2.3899999999999997,2.6100000000000003,0.5899705014749264,0.4,Múltiplas rodadas de funding
652,1.81,2.45,0.75,0.75,2,2,1,0,0,0,0,1,1,0,0,0,0,0,1.0,0,13.976779556623864,29,0.6400000000000001,0.0,0.6097560975609756,0.3333333333333333,Múltiplas rodadas de funding
28,4.07,4.07,3.42,5.23,2,1,3,1,0,0,0,0,0,0,0,1,0,0,2.0,1,15.150511887854474,22,0.0,1.8100000000000005,3.0,1.0,Apenas uma rodada de funding
441,0.3,0.3,1.59,1.67,3,1,2,1,0,0,0,0,0,1,0,0,0,0,1.0,1,12.899222326086994,33,0.0,0.07999999999999985,2.0,0.5,Apenas uma rodada de funding
112,2.92,4.73,-1.0,-1.0,1,2,0,1,0,0,0,0,0,0,1,1,0,0,2.5,1,17.216707972959764,19,1.8100000000000005,0.0,0.0,0.8333333333333334,Múltiplas rodadas de funding
259,4.0,5.75,5.92,6.0,6,4,2,1,0,0,0,0,0,0,0,1,1,0,1.0,0,18.309749194418266,10,1.75,0.08000000000000007,0.7272727272727273,0.2,Múltiplas rodadas de funding
550,3.76,3.76,-1.0,8.67,2,1,3,0,0,1,0,0,0,0,0,0,1,0,4.0,1,16.906553056777135,17,0.0,9.67,3.0,2.0,Apenas uma rodada de funding
827,3.92,3.92,-1.0,-1.0,2,2,0,1,0,0,0,0,0,0,1,1,0,0,4.0,0,16.300417291085605,12,0.0,0.0,0.0,1.3333333333333333,Apenas uma rodada de funding
179,3.63,3.63,1.15,3.78,4,1,4,0,0,0,0,1,1,0,0,0,0,0,1.0,1,18.132998684833918,6,0.0,2.63,4.0,0.5,Apenas uma rodada de funding
241,0.62,0.62,-1.0,1.66,11,2,3,1,0,0,0,0,1,0,0,0,0,0,3.0,0,15.123843647884687,8,0.0,2.66,3.0,1.0,Apenas uma rodada de funding
30,1.19,1.19,2.19,7.78,5,1,3,1,0,0,0,0,1,0,0,0,0,0,2.0,1,13.815511557963774,12,0.0,5.59,3.0,1.0,Apenas uma rodada de funding
3,1.03,1.03,1.46,2.21,5,1,2,1,0,0,0,0,0,0,1,0,0,0,4.0,1,14.77102238760702,33,0.0,0.75,2.0,2.0,Apenas uma rodada de funding
834,0.0,2.72,1.0,5.95,4,4,4,0,0,0,1,0,0,1,1,0,0,0,4.75,1,15.150511887854474,16,2.72,4.95,1.075268817204301,0.95,Recebeu funding no 1º ano
651,3.92,6.73,-1.0,-1.0,3,3,0,0,0,0,0,1,1,0,0,1,1,0,2.3333,0,17.599700214609808,15,2.8100000000000005,0.0,0.0,0.583325,Múltiplas rodadas de funding
360,0.97,3.84,2.0,2.0,18,4,1,1,0,0,0,0,1,0,1,1,1,0,2.5,1,17.565014657424058,17,2.87,0.0,0.25839793281653745,0.5,Múltiplas rodadas de funding
25,0.25,0.34,-1.0,-1.0,5,2,0,0,0,0,0,1,0,1,1,0,0,0,4.5,0,13.02805489573287,23,0.09000000000000002,0.0,0.0,1.5,Múltiplas rodadas de funding
534,3.16,5.67,9.01,9.01,9,2,1,1,0,0,0,0,1,0,0,1,0,0,5.0,1,16.97251102166758,29,2.51,0.0,0.2849002849002849,1.6666666666666667,Múltiplas rodadas de funding
698,0.43,0.43,2.0,2.0,6,1,1,0,0,0,1,0,0,0,1,0,0,0,4.0,0,16.380459992348886,29,0.0,0.0,1.0,2.0,Apenas uma rodada de funding
681,4.75,8.96,5.0,5.0,10,3,1,0,0,1,0,0,0,0,0,0,1,1,1.5,1,16.539954051768856,27,4.210000000000001,0.0,0.19193857965451053,0.375,Múltiplas rodadas de funding
726,0.83,2.08,1.0,1.0,4,2,1,0,0,1,0,0,0,0,1,1,0,0,2.0,1,17.822843761378564,3,1.25,0.0,0.4444444444444444,0.6666666666666666,Múltiplas rodadas de funding
688,2.64,2.64,4.1,4.93,6,1,2,0,1,0,0,0,1,0,0,0,0,0,6.0,1,16.118095750958314,12,0.0,0.8300000000000001,2.0,3.0,Apenas uma rodada de funding
563,0.19,0.78,1.21,2.38,13,4,3,0,0,1,0,0,0,1,1,0,0,0,5.75,1,14.667796386301658,8,0.5900000000000001,1.17,1.8867924528301885,1.15,Múltiplas rodadas de funding
88,7.89,10.67,0.41,0.41,2,3,1,0,0,0,0,1,1,0,0,1,0,0,3.6667,0,17.569709501618057,4,2.7800000000000002,0.0,0.26455026455026454,0.916675,Múltiplas rodadas de funding
335,3.48,3.48,3.68,5.63,8,1,3,1,0,0,0,0,0,0,1,0,0,0,2.0,1,16.246488953677463,19,0.0,1.9499999999999997,3.0,1.0,Apenas uma rodada de funding
382,1.25,1.87,4.72,5.1,13,3,2,1,0,0,0,0,0,1,1,0,0,0,3.6667,1,14.77102238760702,19,0.6200000000000001,0.3799999999999999,1.2345679012345678,0.916675,Múltiplas rodadas de funding
560,2.08,4.66,4.58,4.73,9,2,2,0,0,0,0,1,0,0,0,1,1,0,3.0,1,16.42558042423569,29,2.58,0.15000000000000036,0.5586592178770949,1.0,Múltiplas rodadas de funding
93,2.57,2.57,2.48,4.67,7,1,2,1,0,0,0,0,0,1,0,0,0,0,5.0,1,13.122365377402328,33,0.0,2.19,2.0,2.5,Apenas uma rodada de funding
708,3.04,6.75,4.0,4.0,2,3,1,1,0,0,0,0,0,0,1,1,1,0,4.0,0,17.312018149733785,0,3.71,0.0,0.21231422505307856,1.0,Múltiplas rodadas de funding
838,9.73,9.73,6.0,6.0,2,1,1,1,0,0,0,0,1,0,0,0,0,0,3.0,0,15.894952224644102,29,0.0,0.0,1.0,1.5,Apenas uma rodada de funding
139,0.25,4.41,3.32,6.79,27,5,3,1,0,0,0,0,1,1,1,1,1,0,2.5,1,17.697074376526267,0,4.16,3.47,0.5813953488372093,0.4166666666666667,Múltiplas rodadas de funding
783,0.9,0.9,1.06,1.06,4,2,1,0,0,0,0,1,0,1,0,0,0,0,1.0,0,11.184435286790631,8,0.0,0.0,1.0,0.3333333333333333,Apenas uma rodada de funding
155,2.31,9.42,4.5,11.42,12,7,3,1,0,0,0,0,1,0,0,1,1,1,5.2,0,18.402211237855116,17,7.109999999999999,6.92,0.36991368680641185,0.65,Múltiplas rodadas de funding
272,2.48,4.38,3.39,4.99,10,3,2,0,0,0,0,1,1,0,1,0,0,0,1.6667,1,15.43619696816912,17,1.9,1.6,0.6896551724137931,0.416675,Múltiplas rodadas de funding
104,2.35,8.28,1.0,8.28,16,4,2,1,0,0,0,0,1,0,0,1,1,1,3.0,1,17.454794512463224,26,5.93,7.279999999999999,0.28860028860028863,0.6,Múltiplas rodadas de funding
128,1.49,1.49,0.41,1.32,3,2,2,0,0,0,0,1,1,1,0,0,0,0,1.0,0,11.736077016252437,0,0.0,0.9100000000000001,2.0,0.3333333333333333,Apenas uma rodada de funding
561,1.17,1.17,1.93,4.01,19,1,4,1,0,0,0,0,0,0,1,0,0,0,2.0,1,14.914123179965662,0,0.0,2.08,4.0,1.0,Apenas uma rodada de funding
175,3.15,4.88,5.0,5.0,5,2,1,1,0,0,0,0,1,0,1,0,0,0,2.0,1,16.454567959008102,29,1.73,0.0,0.3663003663003663,0.6666666666666666,Múltiplas rodadas de funding
645,0.41,5.34,5.52,7.19,21,4,3,1,0,0,0,0,0,1,1,1,1,0,1.6667,1,17.281433974432215,17,4.93,1.6700000000000008,0.5059021922428331,0.33334,Múltiplas rodadas de funding
595,1.6,2.81,3.43,7.41,14,2,3,1,0,0,0,0,0,0,1,1,0,0,2.0,1,16.213405921671733,17,1.21,3.98,1.3574660633484164,0.6666666666666666,Múltiplas rodadas de funding
548,1.85,2.17,2.17,5.08,4,2,3,1,0,0,0,0,0,1,0,0,0,0,4.5,1,13.815511557963774,1,0.31999999999999984,2.91,2.272727272727273,1.5,Múltiplas rodadas de funding
729,2.5,7.25,-1.0,-1.0,4,6,0,1,0,0,0,0,0,0,1,0,1,1,3.6667,1,19.262248364975317,3,4.75,0.0,0.0,0.5238142857142857,Múltiplas rodadas de funding
110,2.84,3.14,3.38,3.78,0,2,2,0,0,0,0,1,0,0,1,1,0,0,2.0,0,18.643824303266577,17,0.30000000000000027,0.3999999999999999,1.538461538461538,0.6666666666666666,Múltiplas rodadas de funding
624,5.47,7.28,10.59,10.59,5,3,1,1,0,0,0,0,0,0,0,0,0,1,6.0,1,17.11134746100564,29,1.8100000000000005,0.0,0.3558718861209964,1.5,Múltiplas rodadas de funding
655,1.33,5.67,2.5,5.67,4,3,2,0,0,1,0,0,1,0,1,1,0,0,2.6667,1,16.300417291085605,29,4.34,3.17,0.37453183520599254,0.666675,Múltiplas rodadas de funding
480,2.98,5.21,-1.0,-1.0,4,2,0,0,0,0,0,1,0,0,0,0,0,0,10.0,0,16.445599361740907,4,2.23,0.0,0.0,3.3333333333333335,Múltiplas rodadas de funding
61,2.78,10.95,-1.0,-1.0,10,3,1,0,0,1,0,0,0,0,0,1,0,0,2.0,0,16.760458460238958,3,8.17,0.0,0.10905125408942203,0.5,Múltiplas rodadas de funding
73,0.0,0.25,2.42,5.32,10,2,3,0,0,0,0,1,0,1,0,0,0,0,1.5,1,11.678448377988165,33,0.25,2.9000000000000004,2.4,0.5,Recebeu funding no 1º ano
519,2.16,2.16,1.41,6.54,42,4,6,1,0,0,0,0,0,0,1,1,1,0,2.5,1,17.661393782255395,0,0.0,5.13,6.0,0.5,Apenas uma rodada de funding
640,1.42,4.54,-1.0,-1.0,0,3,0,1,0,0,0,0,1,0,1,0,0,0,2.0,0,16.74403413530075,27,3.12,0.0,0.0,0.5,Múltiplas rodadas de funding
832,6.12,6.12,5.0,5.0,5,4,1,0,1,0,0,0,1,0,0,1,0,0,3.0,0,16.249124001084017,8,0.0,0.0,1.0,0.6,Apenas uma rodada de funding
85,2.16,5.64,3.83,7.69,13,4,5,0,1,0,0,0,0,0,0,0,1,0,4.0,1,17.541204467128523,18,3.4799999999999995,3.8600000000000003,1.1160714285714286,0.8,Múltiplas rodadas de funding
476,0.92,1.64,4.85,6.09,7,2,2,0,0,1,0,0,0,1,1,0,0,0,2.0,1,13.122365377402328,33,0.7199999999999999,1.2400000000000002,1.1627906976744187,0.6666666666666666,Múltiplas rodadas de funding
404,4.49,4.49,-1.0,-1.0,2,1,0,0,1,0,0,0,0,0,0,0,1,0,3.0,1,16.213405921671733,23,0.0,0.0,0.0,1.5,Apenas uma rodada de funding
654,0.33,5.37,9.01,9.01,9,3,1,1,0,0,0,0,0,0,1,1,1,0,3.0,1,17.37513520467045,33,5.04,0.0,0.16556291390728478,0.75,Múltiplas rodadas de funding
334,11.43,11.43,-1.0,-1.0,1,1,0,1,0,0,0,0,0,0,0,0,1,0,5.0,0,16.811242881518265,12,0.0,0.0,0.0,2.5,Apenas uma rodada de funding
169,0.73,3.61,1.59,4.1,5,5,3,0,1,0,0,0,1,1,0,0,0,0,3.0,1,15.364329936063411,17,2.88,2.51,0.7731958762886598,0.5,Múltiplas rodadas de funding
181,4.91,8.1,-1.0,-1.0,3,3,0,1,0,0,0,0,1,0,1,0,0,0,2.0,0,15.314278774842762,0,3.1899999999999995,0.0,0.0,0.5,Múltiplas rodadas de funding
634,0.22,4.84,0.22,6.25,22,5,5,1,0,0,0,0,1,0,1,1,1,0,4.2,0,18.064005814299346,8,4.62,6.03,0.8896797153024911,0.7000000000000001,Múltiplas rodadas de funding
828,1.28,1.28,0.0,0.0,1,1,1,0,0,0,0,1,0,1,0,0,0,0,1.0,0,9.61587214452889,6,0.0,0.0,1.0,0.5,Apenas uma rodada de funding
917,0.0,3.93,2.92,5.73,16,3,3,0,1,0,0,0,1,0,1,1,0,0,2.3333,1,16.705882371415992,0,3.93,2.8100000000000005,0.6085192697768763,0.583325,Recebeu funding no 1º ano
174,2.06,6.23,-1.0,-1.0,7,3,0,0,0,0,0,1,1,0,0,1,1,0,3.0,1,17.154832571369333,15,4.17,0.0,0.0,0.75,Múltiplas rodadas de funding
275,4.09,9.31,6.0,6.0,5,3,1,1,0,0,0,0,1,0,0,1,0,1,3.6667,1,17.312018149733785,8,5.220000000000001,0.0,0.16077170418006428,0.916675,Múltiplas rodadas de funding
687,5.84,6.95,5.92,6.38,6,2,2,1,0,0,0,0,1,0,0,0,1,0,2.0,0,16.380459992348886,12,1.1100000000000003,0.45999999999999996,0.947867298578199,0.6666666666666666,Múltiplas rodadas de funding
435,0.83,0.83,0.67,0.67,3,1,1,0,0,0,0,1,0,1,0,0,0,0,1.0,0,9.392745258631441,11,0.0,0.0,1.0,0.5,Apenas uma rodada de funding
923,3.12,3.12,4.0,4.0,4,1,1,1,0,0,0,0,0,0,0,1,0,0,3.0,1,16.811242881518265,26,0.0,0.0,1.0,1.5,Apenas uma rodada de funding
574,2.68,6.42,2.84,7.24,11,3,2,0,0,0,0,1,1,0,0,1,1,0,3.6667,1,16.97251102166758,17,3.7399999999999998,4.4,0.42194092827004215,0.916675,Múltiplas rodadas de funding
850,1.58,5.96,4.42,4.42,6,5,1,0,0,1,0,0,1,0,1,1,0,0,3.0,1,17.050783177644348,19,4.38,0.0,0.1858736059479554,0.5,Múltiplas rodadas de funding
713,0.58,4.43,1.25,2.15,5,4,3,0,0,0,0,1,1,1,0,0,0,0,1.0,0,15.832638301973095,17,3.8499999999999996,0.8999999999999999,0.6185567010309279,0.2,Múltiplas rodadas de funding
863,3.97,10.25,3.0,3.0,8,4,1,0,0,0,0,1,0,0,0,1,1,0,6.0,1,17.893048018819147,27,6.279999999999999,0.0,0.13736263736263737,1.2,Múltiplas rodadas de funding
45,4.67,4.67,8.74,10.22,25,1,4,1,0,0,0,0,0,0,0,0,1,0,3.0,1,15.607270193858982,0,0.0,1.4800000000000004,4.0,1.5,Apenas uma rodada de funding
359,0.16,7.5,7.05,8.62,45,7,3,0,0,1,0,0,1,0,1,1,1,1,4.5,1,18.61542482897533,17,7.34,1.5699999999999994,0.3597122302158273,0.5625,Múltiplas rodadas de funding
44,3.49,3.49,5.66,8.34,10,1,3,0,0,0,0,1,0,0,0,0,1,0,2.0,1,16.118095750958314,8,0.0,2.6799999999999997,3.0,1.0,Apenas uma rodada de funding
9,3.59,11.11,8.01,9.99,13,3,4,0,0,1,0,0,1,0,1,0,0,1,4.0,1,16.082468576942105,17,7.52,1.9800000000000004,0.4694835680751174,1.0,Múltiplas rodadas de funding
222,3.82,6.09,9.01,9.77,3,2,2,0,0,0,0,1,1,0,0,1,0,0,2.0,1,16.806230339945976,29,2.27,0.7599999999999998,0.6116207951070336,0.6666666666666666,Múltiplas rodadas de funding
514,3.83,3.83,3.0,4.7,16,4,4,0,1,0,0,0,0,0,1,1,1,0,3.5,1,17.113706934429455,33,0.0,1.7000000000000002,4.0,0.7,Apenas uma rodada de funding
542,4.03,8.27,5.81,11.1,15,4,5,0,0,0,0,1,0,0,0,1,1,1,4.3333,1,17.01418371633128,29,4.239999999999999,5.29,0.9541984732824429,0.8666600000000001,Múltiplas rodadas de funding
171,0.75,4.92,3.04,6.84,30,6,5,0,1,0,0,0,1,0,1,1,1,1,3.5,1,18.64582230591328,33,4.17,3.8,0.9671179883945842,0.5,Múltiplas rodadas de funding
502,0.44,0.44,0.82,0.82,2,1,1,1,0,0,0,0,1,0,0,0,0,0,2.0,0,13.997832948091215,33,0.0,0.0,1.0,1.0,Apenas uma rodada de funding
757,1.33,2.71,4.37,6.46,6,2,3,1,0,0,0,0,0,0,0,1,1,0,2.5,1,17.182806422433504,29,1.38,2.09,1.2605042016806722,0.8333333333333334,Múltiplas rodadas de funding
403,4.3,4.3,5.0,5.0,3,1,1,0,0,0,0,1,1,0,0,0,0,0,5.0,0,15.424948670398354,29,0.0,0.0,1.0,2.5,Apenas uma rodada de funding
322,2.0,3.05,3.58,5.48,9,2,2,1,0,0,0,0,0,0,1,1,0,0,2.5,1,15.607270193858982,10,1.0499999999999998,1.9000000000000004,0.9756097560975611,0.8333333333333334,Múltiplas rodadas de funding
59,1.99,4.15,2.9,5.26,10,3,4,1,0,0,0,0,0,0,1,1,0,0,3.3333,1,16.993564429978885,29,2.16,2.36,1.2658227848101264,0.833325,Múltiplas rodadas de funding
837,1.96,1.96,1.96,2.0,11,1,3,1,0,0,0,0,0,0,0,1,0,0,1.0,1,14.91791863350977,29,0.0,0.040000000000000036,3.0,0.5,Apenas uma rodada de funding
544,3.25,3.25,3.84,7.9,19,1,3,1,0,0,0,0,0,0,0,0,1,0,9.0,1,16.489659276356317,8,0.0,4.0600000000000005,3.0,4.5,Apenas uma rodada de funding
342,3.16,3.69,3.0,4.5,6,2,2,0,0,1,0,0,0,0,0,1,0,0,2.0,1,16.60667572712668,8,0.5299999999999998,1.5,1.3071895424836604,0.6666666666666666,Múltiplas rodadas de funding
693,3.16,3.16,2.0,2.0,6,1,1,1,0,0,0,0,0,0,0,0,0,1,3.0,1,16.52356082573315,29,0.0,0.0,1.0,1.5,Apenas uma rodada de funding
816,5.67,8.5,6.75,8.09,4,3,2,1,0,0,0,0,0,1,0,0,0,0,1.0,1,14.151983508870947,29,2.83,1.3399999999999999,0.5221932114882506,0.25,Múltiplas rodadas de funding
630,1.51,3.61,1.32,4.16,8,2,3,0,1,0,0,0,0,0,1,1,0,0,4.5,0,15.810211007243431,11,2.0999999999999996,2.84,0.9677419354838711,1.5,Múltiplas rodadas de funding
274,2.33,6.97,4.0,8.3,11,3,3,1,0,0,0,0,1,1,0,0,0,0,4.0,1,18.037955137476448,12,4.64,4.300000000000001,0.5319148936170213,1.0,Múltiplas rodadas de funding
293,1.0,1.0,1.16,3.57,2,1,2,1,0,0,0,0,0,0,1,0,0,0,3.0,0,15.424948670398354,11,0.0,2.41,2.0,1.5,Apenas uma rodada de funding
116,0.15,0.5,0.5,3.01,10,2,3,1,0,0,0,0,0,1,1,0,0,0,3.5,1,14.757469426450479,17,0.35,2.51,2.222222222222222,1.1666666666666667,Múltiplas rodadas de funding
792,2.42,3.09,-1.0,3.97,3,2,4,0,0,0,0,1,0,1,0,0,0,0,1.0,0,14.085538458535822,33,0.6699999999999999,4.970000000000001,2.3952095808383236,0.3333333333333333,Múltiplas rodadas de funding
405,1.0,8.25,-1.0,-1.0,6,4,0,1,0,0,0,0,1,0,1,0,1,1,4.0,1,18.04088339721266,17,7.25,0.0,0.0,0.8,Múltiplas rodadas de funding
492,0.89,0.89,1.33,2.53,15,1,2,0,1,0,0,0,0,0,1,0,0,0,3.0,0,15.201805169084134,17,0.0,1.1999999999999997,2.0,1.5,Apenas uma rodada de funding
217,4.67,9.12,9.75,12.8,33,3,4,1,0,0,0,0,0,0,1,1,1,0,1.3333,0,17.426428497635523,29,4.449999999999999,3.0500000000000007,0.7339449541284404,0.333325,Múltiplas rodadas de funding
711,0.83,0.83,-1.0,1.19,5,1,2,1,0,0,0,0,0,1,0,0,0,0,1.0,0,11.944714374881176,24,0.0,2.19,2.0,0.5,Apenas uma rodada de funding
555,0.0,0.64,1.58,3.07,11,2,2,1,0,0,0,0,0,0,1,1,0,0,1.5,0,17.529082649058825,21,0.64,1.4899999999999998,1.2195121951219512,0.5,Recebeu funding no 1º ano
304,0.59,0.59,1.05,1.05,8,1,1,1,0,0,0,0,0,0,1,0,0,0,2.0,1,14.77102238760702,6,0.0,0.0,1.0,1.0,Apenas uma rodada de funding
439,3.67,5.56,-1.0,-1.0,0,3,0,0,0,0,1,0,1,0,0,1,1,0,1.0,0,16.02378508137718,29,1.8899999999999997,0.0,0.0,0.25,Múltiplas rodadas de funding
212,1.25,2.08,2.5,5.32,4,2,3,1,0,0,0,0,0,1,1,0,0,0,2.0,1,15.009433329466965,0,0.8300000000000001,2.8200000000000003,1.639344262295082,0.6666666666666666,Múltiplas rodadas de funding
596,0.41,2.47,3.0,3.0,19,3,1,1,0,0,0,0,0,0,1,1,1,0,3.3333,1,17.265498135541893,8,2.06,0.0,0.32679738562091504,0.833325,Múltiplas rodadas de funding
438,1.45,2.51,2.5,3.64,15,2,2,1,0,0,0,0,0,0,0,1,1,0,1.5,1,17.529082649058825,9,1.0599999999999998,1.1400000000000001,0.9708737864077672,0.5,Múltiplas rodadas de funding
390,3.61,4.38,0.0,7.92,1,2,2,0,0,1,0,0,0,0,0,0,1,1,4.5,1,16.283610174181653,25,0.77,7.92,1.1299435028248588,1.5,Múltiplas rodadas de funding
475,1.08,3.13,5.92,7.93,16,2,2,1,0,0,0,0,0,0,1,1,0,0,1.5,1,15.250595321348806,8,2.05,2.01,0.6557377049180328,0.5,Múltiplas rodadas de funding
270,3.39,5.07,5.72,8.73,3,2,2,1,0,0,0,0,0,0,1,1,0,0,2.0,1,16.277285128978708,17,1.6800000000000002,3.0100000000000007,0.7462686567164178,0.6666666666666666,Múltiplas rodadas de funding
916,5.13,5.13,3.16,8.51,6,1,2,0,0,0,0,1,0,0,1,0,0,0,2.0,0,14.508658238524095,0,0.0,5.35,2.0,1.0,Apenas uma rodada de funding
612,4.22,4.22,-1.0,-1.0,0,1,0,1,0,0,0,0,1,0,0,0,0,0,2.0,0,13.815511557963774,19,0.0,0.0,0.0,1.0,Apenas uma rodada de funding
263,3.6,3.6,3.0,3.0,2,1,1,1,0,0,0,0,0,0,0,0,1,0,4.0,0,16.118095750958314,23,0.0,0.0,1.0,2.0,Apenas uma rodada de funding
124,0.77,1.5,-1.0,3.75,14,3,3,0,1,0,0,0,1,0,1,0,0,0,6.3333,1,16.166885910365842,22,0.73,4.75,1.7341040462427746,1.583325,Múltiplas rodadas de funding
510,0.04,3.14,1.85,4.49,30,2,5,1,0,0,0,0,1,0,1,0,0,0,7.0,1,15.743402346971443,33,3.1,2.64,1.2195121951219514,2.3333333333333335,Múltiplas rodadas de funding
205,2.3,3.21,3.59,4.58,4,2,3,1,0,0,0,0,0,0,0,1,1,0,2.0,0,16.300417291085605,0,0.9100000000000001,0.9900000000000002,1.5706806282722512,0.6666666666666666,Múltiplas rodadas de funding
395,3.71,8.96,4.0,4.0,7,4,1,1,0,0,0,0,1,0,1,1,1,0,2.0,1,17.046512602148198,29,5.250000000000001,0.0,0.15999999999999998,0.4,Múltiplas rodadas de funding
11,4.63,9.45,10.13,10.65,22,3,3,1,0,0,0,0,0,0,1,1,0,0,1.0,1,17.129696599000436,17,4.819999999999999,0.5199999999999996,0.5154639175257733,0.25,Múltiplas rodadas de funding
46,2.62,2.62,-1.0,-1.0,4,1,0,1,0,0,0,0,0,0,0,1,0,0,5.0,1,17.034386422832473,29,0.0,0.0,0.0,2.5,Apenas uma rodada de funding
853,0.0,3.47,0.0,1.91,4,5,2,0,0,0,0,1,1,0,1,1,0,0,1.5,1,16.11809605095824,8,3.47,1.91,0.4474272930648769,0.25,Recebeu funding no 1º ano
336,0.59,2.64,3.54,6.07,13,3,4,1,0,0,0,0,0,0,1,1,1,0,1.3333,1,16.61887099947687,33,2.0500000000000003,2.5300000000000002,1.3114754098360655,0.333325,Múltiplas rodadas de funding
1,2.25,3.0,4.67,6.7,3,3,3,1,0,0,0,0,0,1,0,0,0,0,1.0,1,12.834683971615659,18,0.75,2.0300000000000002,1.7142857142857142,0.25,Múltiplas rodadas de funding
458,1.9,1.9,1.9,4.0,13,1,3,0,1,0,0,0,0,0,1,0,0,0,1.0,1,14.220976332738882,18,0.0,2.1,3.0,0.5,Apenas uma rodada de funding
500,0.87,0.87,-1.0,1.21,4,3,2,1,0,0,0,0,0,1,0,0,0,0,1.6667,1,12.971542813248437,11,0.0,2.21,2.0,0.416675,Apenas uma rodada de funding
854,0.77,2.85,-1.0,2.85,3,2,2,0,0,0,0,1,1,1,0,0,0,0,1.0,1,14.375126917328105,32,2.08,3.85,0.6493506493506493,0.3333333333333333,Múltiplas rodadas de funding
679,2.15,4.97,2.37,2.71,4,5,2,1,0,0,0,0,1,0,0,1,0,0,2.0,1,15.887367660361019,33,2.82,0.33999999999999986,0.5235602094240838,0.3333333333333333,Múltiplas rodadas de funding
518,0.0,3.39,5.4,8.71,17,5,4,1,0,0,0,0,0,1,1,1,1,1,2.0,1,17.158372397949154,33,3.39,3.3100000000000005,0.9111617312072892,0.3333333333333333,Recebeu funding no 1º ano
180,0.41,3.97,4.25,5.77,13,4,4,0,0,1,0,0,0,0,1,1,1,0,2.5,0,17.01418371633128,29,3.56,1.5199999999999996,0.8771929824561403,0.5,Múltiplas rodadas de funding
103,0.08,1.27,-1.0,-1.0,5,3,0,0,0,0,0,1,1,0,1,1,0,0,2.3333,1,16.341239282272525,29,1.19,0.0,0.0,0.583325,Múltiplas rodadas de funding
453,5.35,5.35,-1.0,-1.0,6,1,0,0,1,0,0,0,0,0,0,0,1,0,4.0,1,16.52356082573315,11,0.0,0.0,0.0,2.0,Apenas uma rodada de funding
742,1.22,1.22,1.42,2.68,6,1,2,1,0,0,0,0,0,0,1,0,0,0,8.0,0,15.520258832020865,6,0.0,1.2600000000000002,2.0,4.0,Apenas uma rodada de funding
245,0.67,6.28,2.79,7.45,16,5,3,1,0,0,0,0,0,1,1,1,1,1,2.25,1,18.197537205138154,19,5.61,4.66,0.45385779122541603,0.375,Múltiplas rodadas de funding
802,2.67,2.67,-1.0,-1.0,6,1,0,1,0,0,0,0,0,0,1,0,0,0,1.0,0,15.520258832020865,33,0.0,0.0,0.0,0.5,Apenas uma rodada de funding
522,0.18,4.03,3.67,7.24,6,3,4,1,0,0,0,0,1,0,1,1,0,0,1.6667,1,16.333207111220425,33,3.85,3.5700000000000003,0.8247422680412372,0.416675,Múltiplas rodadas de funding
590,0.0,2.84,2.92,4.31,7,5,3,1,0,0,0,0,0,0,1,1,1,1,3.0,0,17.590567731255042,25,2.84,1.3899999999999997,0.78125,0.5,Recebeu funding no 1º ano
728,1.33,7.08,4.87,7.01,25,8,3,1,0,0,0,0,1,0,1,1,1,1,3.0,1,18.680558488821443,8,5.75,2.1399999999999997,0.4444444444444444,0.3333333333333333,Múltiplas rodadas de funding
889,7.0,7.0,7.67,7.67,3,1,1,0,0,0,0,1,0,0,1,0,0,0,3.0,1,14.914123179965662,12,0.0,0.0,1.0,1.5,Apenas uma rodada de funding
216,6.89,10.41,-1.0,-1.0,5,3,0,1,0,0,0,0,1,0,0,0,1,0,5.3333,1,17.782021767615884,27,3.5200000000000005,0.0,0.0,1.333325,Múltiplas rodadas de funding
604,-1.0,-1.0,0.04,0.04,2,1,1,1,0,0,0,0,0,1,0,0,0,0,1.0,0,13.122365377402328,33,0.0,0.0,1.0,0.5,Nunca recebeu funding
666,0.92,2.63,2.95,3.97,5,2,2,0,0,1,0,0,0,0,1,1,0,0,2.0,1,16.52356082573315,29,1.71,1.02,0.7380073800738007,0.6666666666666666,Múltiplas rodadas de funding
860,2.97,3.72,6.97,8.33,16,2,3,0,0,0,1,0,0,0,0,0,1,1,5.5,1,17.565014657424058,23,0.75,1.3600000000000003,1.7142857142857142,1.8333333333333333,Múltiplas rodadas de funding
262,7.35,8.13,11.03,11.06,13,2,2,0,0,1,0,0,0,0,0,0,0,0,5.5,1,17.01418371633128,26,0.7800000000000011,0.030000000000001137,1.1235955056179767,1.8333333333333333,Múltiplas rodadas de funding
632,1.88,1.88,1.66,3.02,5,1,3,0,1,0,0,0,0,0,1,0,0,0,7.0,0,13.815511557963774,9,0.0,1.36,3.0,3.5,Apenas uma rodada de funding
407,0.67,1.93,0.0,0.0,2,2,1,0,1,0,0,0,1,0,1,0,0,0,2.0,0,16.195056784687036,8,1.2599999999999998,0.0,0.4424778761061947,0.6666666666666666,Múltiplas rodadas de funding
489,4.21,4.21,6.42,9.07,27,4,4,1,0,0,0,0,0,0,1,1,1,1,2.5,1,17.158372397949154,33,0.0,2.6500000000000004,4.0,0.5,Apenas uma rodada de funding
330,2.55,6.39,6.64,6.64,15,2,1,0,0,0,0,1,0,0,1,1,0,0,2.0,0,16.36495580701484,29,3.84,0.0,0.2066115702479339,0.6666666666666666,Múltiplas rodadas de funding
852,0.34,0.34,0.41,0.87,5,2,2,1,0,0,0,0,0,1,0,0,0,0,5.0,0,13.830400155679214,11,0.0,0.46,2.0,1.6666666666666667,Apenas uma rodada de funding
199,3.5,5.44,-1.0,-1.0,3,2,0,0,0,0,0,1,1,0,1,0,0,0,3.0,0,15.070688607801571,15,1.9400000000000004,0.0,0.0,1.0,Múltiplas rodadas de funding
100,0.75,3.01,-1.0,-1.0,3,3,0,1,0,0,0,0,1,0,0,0,1,0,2.6667,0,17.804494623047066,4,2.26,0.0,0.0,0.666675,Múltiplas rodadas de funding
203,0.82,5.56,4.56,7.99,8,4,3,0,0,0,0,1,0,0,1,1,1,1,2.75,0,17.296750678069195,8,4.739999999999999,3.4300000000000006,0.5226480836236934,0.55,Múltiplas rodadas de funding
656,5.66,5.66,5.0,5.0,4,1,1,1,0,0,0,0,0,0,0,0,1,0,9.0,1,17.216707972959764,3,0.0,0.0,1.0,4.5,Apenas uma rodada de funding
319,4.85,4.85,6.59,6.59,5,1,1,0,0,0,0,1,0,0,0,0,0,0,5.0,1,15.201805169084134,26,0.0,0.0,1.0,2.5,Apenas uma rodada de funding
503,1.83,3.33,3.27,7.63,16,2,4,0,0,0,0,1,0,0,1,1,0,0,2.5,1,16.65458907995242,33,1.5,4.359999999999999,1.6,0.8333333333333334,Múltiplas rodadas de funding
811,0.84,3.76,0.9,0.9,5,3,1,0,1,0,0,0,1,1,0,0,0,0,2.0,1,14.16665956198155,17,2.92,0.0,0.25510204081632654,0.5,Múltiplas rodadas de funding
682,0.25,2.56,2.0,4.78,11,3,2,0,1,0,0,0,0,1,1,1,0,0,1.5,1,16.36495580701484,11,2.31,2.7800000000000002,0.6042296072507553,0.375,Múltiplas rodadas de funding
488,1.4,1.4,-1.0,-1.0,1,1,0,0,0,0,0,1,0,1,0,0,0,0,1.0,0,12.230770136157428,19,0.0,0.0,0.0,0.5,Apenas uma rodada de funding
904,3.76,3.76,-1.0,-1.0,1,1,0,1,0,0,0,0,0,0,0,0,1,0,7.0,1,17.129696599000436,27,0.0,0.0,0.0,3.5,Apenas uma rodada de funding
320,0.5,3.71,2.99,4.02,5,3,4,1,0,0,0,0,1,0,1,1,0,0,4.0,1,16.056220353623207,11,3.21,1.0299999999999994,0.9501187648456058,1.0,Múltiplas rodadas de funding
340,1.02,7.15,5.7,8.18,10,4,2,1,0,0,0,0,0,0,1,1,0,0,4.0,1,16.386212644397094,0,6.130000000000001,2.4799999999999995,0.2805049088359046,0.8,Múltiplas rodadas de funding
300,2.4,6.03,-1.0,-1.0,1,4,0,1,0,0,0,0,0,0,1,1,0,0,3.5,0,16.882167216431583,4,3.6300000000000003,0.0,0.0,0.7,Múltiplas rodadas de funding
796,0.89,2.25,2.66,2.75,21,4,3,0,1,0,0,0,0,0,1,1,1,0,1.5,1,17.41282284594998,6,1.3599999999999999,0.08999999999999986,1.2711864406779663,0.3,Múltiplas rodadas de funding
228,1.47,1.47,1.0,1.47,5,1,2,0,1,0,0,0,0,0,1,0,0,0,3.0,1,14.508658238524095,6,0.0,0.47,2.0,1.5,Apenas uma rodada de funding
559,-1.0,-1.0,-1.0,-1.0,6,1,2,0,1,0,0,0,0,1,0,0,0,0,1.0,0,11.51293546492023,0,0.0,0.0,2.0,0.5,Nunca recebeu funding
564,0.79,0.79,2.05,3.33,7,1,4,1,0,0,0,0,0,0,1,0,0,0,1.0,0,15.201805169084134,33,0.0,1.2800000000000002,4.0,0.5,Apenas uma rodada de funding
723,0.75,0.75,3.17,4.62,13,1,2,0,0,0,0,1,0,0,1,0,0,0,3.0,1,13.815511557963774,0,0.0,1.4500000000000002,2.0,1.5,Apenas uma rodada de funding
377,0.33,5.49,2.75,5.59,14,5,2,0,0,0,0,1,1,0,1,1,1,0,1.5,1,16.780267975645856,7,5.16,2.84,0.3246753246753247,0.25,Múltiplas rodadas de funding
497,0.67,0.67,0.42,0.42,2,1,1,1,0,0,0,0,0,1,0,0,0,0,1.0,0,9.90353755128617,16,0.0,0.0,1.0,0.5,Apenas uma rodada de funding
676,21.9,21.9,24.68,24.68,1,1,1,0,0,0,0,1,1,0,0,0,0,0,2.0,0,15.894952224644102,29,0.0,0.0,1.0,1.0,Apenas uma rodada de funding
371,2.25,4.74,5.34,7.27,22,3,5,0,1,0,0,0,0,0,1,1,1,0,3.0,1,17.47927192773757,8,2.49,1.9299999999999997,1.4326647564469912,0.75,Múltiplas rodadas de funding
531,0.71,0.71,1.58,3.0,5,1,3,1,0,0,0,0,0,0,1,0,0,0,1.0,1,14.978661680269907,33,0.0,1.42,3.0,0.5,Apenas uma rodada de funding
423,3.58,3.58,-1.0,7.59,3,1,3,0,0,0,0,1,1,0,0,0,0,0,1.0,0,15.226497775576945,33,0.0,8.59,3.0,0.5,Apenas uma rodada de funding
91,4.0,7.87,0.16,0.16,5,2,1,1,0,0,0,0,1,0,0,1,0,0,4.0,1,16.118095750958314,27,3.87,0.0,0.2053388090349076,1.3333333333333333,Múltiplas rodadas de funding
582,3.69,10.14,3.0,3.0,2,4,1,0,0,1,0,0,1,0,0,1,0,0,4.6667,1,17.11511789937655,8,6.450000000000001,0.0,0.13422818791946306,0.93334,Múltiplas rodadas de funding
887,1.18,2.72,2.52,3.67,21,3,3,1,0,0,0,0,0,0,1,1,1,0,3.6667,1,17.62306154179571,11,1.5400000000000003,1.15,1.1811023622047243,0.916675,Múltiplas rodadas de funding
366,6.97,6.97,0.08,11.97,6,1,2,0,0,0,1,0,0,0,0,0,1,0,5.0,1,15.424948670398354,26,0.0,11.89,2.0,2.5,Apenas uma rodada de funding
877,5.78,5.78,2.0,2.0,1,1,1,1,0,0,0,0,1,0,0,0,0,0,3.0,0,16.118095750958314,12,0.0,0.0,1.0,1.5,Apenas uma rodada de funding
636,0.08,1.33,-1.0,-1.0,6,2,0,1,0,0,0,0,0,0,0,0,0,0,1.0,0,13.122365377402328,29,1.25,0.0,0.0,0.3333333333333333,Múltiplas rodadas de funding
849,1.17,3.21,0.75,2.81,16,2,3,0,1,0,0,0,0,0,0,1,1,0,1.5,1,16.325109901643454,8,2.04,2.06,0.9868421052631579,0.5,Múltiplas rodadas de funding
401,1.08,2.5,2.52,5.02,10,2,3,0,0,1,0,0,0,0,1,1,0,0,2.0,1,15.943742382861155,33,1.42,2.4999999999999996,1.2396694214876034,0.6666666666666666,Múltiplas rodadas de funding
24,3.32,3.32,3.7,5.66,4,2,3,1,0,0,0,0,0,1,1,0,0,0,2.0,0,14.648420115681892,17,0.0,1.96,3.0,0.6666666666666666,Apenas uma rodada de funding
650,0.42,3.67,0.89,5.28,24,3,4,1,0,0,0,0,0,0,1,1,1,0,5.6667,1,16.588099342704055,33,3.25,4.390000000000001,0.9411764705882353,1.416675,Múltiplas rodadas de funding
805,3.79,5.51,-1.0,-1.0,11,2,0,1,0,0,0,0,1,0,0,0,0,0,1.0,1,18.234351177809064,3,1.7199999999999998,0.0,0.0,0.3333333333333333,Múltiplas rodadas de funding
219,0.72,2.44,0.77,2.79,7,2,2,1,0,0,0,0,0,0,1,1,0,0,2.5,1,14.914123179965662,16,1.72,2.02,0.7352941176470589,0.8333333333333334,Múltiplas rodadas de funding
328,2.22,2.22,0.75,3.42,5,1,4,1,0,0,0,0,0,0,1,0,0,0,1.0,0,13.815511557963774,17,0.0,2.67,4.0,0.5,Apenas uma rodada de funding
625,3.75,3.75,5.54,6.76,7,1,3,0,1,0,0,0,0,0,1,0,0,0,1.0,1,16.118095750958314,0,0.0,1.2199999999999998,3.0,0.5,Apenas uma rodada de funding
277,1.41,1.91,-1.0,1.84,5,2,2,0,1,0,0,0,0,1,1,0,0,0,3.0,1,14.609408093703827,1,0.5,2.84,1.3333333333333333,1.0,Múltiplas rodadas de funding
479,1.09,2.56,4.0,4.0,7,2,1,1,0,0,0,0,0,0,1,1,0,0,2.5,0,16.066802461833923,29,1.47,0.0,0.40485829959514175,0.8333333333333334,Múltiplas rodadas de funding
585,0.39,0.39,-1.0,0.08,5,3,2,0,0,1,0,0,1,0,0,1,1,0,1.0,0,16.24031337217814,33,0.0,1.08,2.0,0.25,Apenas uma rodada de funding
391,1.6,2.18,0.08,0.08,2,2,1,0,0,0,0,1,1,0,0,0,0,0,1.0,0,14.685749812041585,1,0.5800000000000001,0.0,0.6329113924050632,0.3333333333333333,Múltiplas rodadas de funding
257,2.0,6.23,4.0,10.76,8,3,2,1,0,0,0,0,0,0,1,1,1,0,4.0,1,17.97564287632987,3,4.23,6.76,0.3824091778202677,1.0,Múltiplas rodadas de funding
804,1.5,1.67,0.0,7.52,2,2,3,1,0,0,0,0,0,0,1,1,0,0,1.5,0,17.221695514304965,0,0.16999999999999993,7.52,2.5641025641025643,0.5,Múltiplas rodadas de funding
695,0.33,6.42,1.17,4.99,6,8,2,1,0,0,0,0,1,0,1,1,1,0,2.7143,0,19.169276827136926,4,6.09,3.8200000000000003,0.2820874471086037,0.3015888888888889,Múltiplas rodadas de funding
717,0.58,0.58,-1.0,3.83,5,1,3,0,0,0,0,1,0,1,0,0,0,0,2.0,1,13.527829818844937,25,0.0,4.83,3.0,1.0,Apenas uma rodada de funding
69,7.25,7.25,7.01,7.01,7,1,1,1,0,0,0,0,0,0,0,0,0,0,2.0,1,16.300417291085605,26,0.0,0.0,1.0,1.0,Apenas uma rodada de funding
776,5.35,7.23,-1.0,-1.0,2,4,0,1,0,0,0,0,0,0,1,1,0,0,2.0,1,16.383915553210688,27,1.8800000000000008,0.0,0.0,0.4,Múltiplas rodadas de funding
13,4.9,4.9,-1.0,-1.0,0,1,0,0,0,0,0,1,1,0,0,0,0,0,1.0,0,12.765691290604371,33,0.0,0.0,0.0,0.5,Apenas uma rodada de funding
862,2.53,2.53,-1.0,4.05,3,1,2,1,0,0,0,0,1,0,0,0,0,0,2.0,1,15.86963441986494,29,0.0,5.05,2.0,1.0,Apenas uma rodada de funding
173,0.7,1.19,0.66,2.62,5,2,3,0,0,1,0,0,0,1,1,0,0,0,6.0,1,15.607270193858982,17,0.49,1.96,2.0134228187919465,2.0,Múltiplas rodadas de funding
724,0.67,5.13,2.75,6.0,15,4,2,0,0,1,0,0,1,0,1,1,1,0,1.75,1,17.529082649058825,13,4.46,3.25,0.3663003663003663,0.35,Múltiplas rodadas de funding
703,-1.0,-1.0,-1.0,-1.0,1,1,0,0,0,0,0,1,0,1,0,0,0,0,1.0,0,11.918397239722838,28,0.0,0.0,0.0,0.5,Nunca recebeu funding
201,0.47,0.47,1.1,1.68,5,1,3,1,0,0,0,0,0,0,0,0,0,0,9.0,1,15.137266664613225,17,0.0,0.5799999999999998,3.0,4.5,Apenas uma rodada de funding
127,6.17,7.92,8.01,11.25,6,3,3,0,0,0,0,1,1,0,1,0,0,0,2.5,1,18.420680753952364,33,1.75,3.24,1.0909090909090908,0.625,Múltiplas rodadas de funding
743,4.89,4.89,3.29,3.29,8,1,1,1,0,0,0,0,0,0,1,0,0,0,1.0,1,16.173642272113586,4,0.0,0.0,1.0,0.5,Apenas uma rodada de funding
829,1.31,1.31,1.31,2.88,11,1,3,0,0,0,0,1,1,0,0,0,0,0,1.0,1,12.206077645517674,20,0.0,1.5699999999999998,3.0,0.5,Apenas uma rodada de funding
22,3.83,3.83,3.75,3.75,3,1,1,0,0,0,0,1,0,0,0,1,0,0,2.0,0,16.52356082573315,21,0.0,0.0,1.0,1.0,Apenas uma rodada de funding
664,5.42,5.42,-1.0,-1.0,0,1,0,0,0,0,0,1,0,0,1,0,0,0,2.0,0,15.978833698567334,19,0.0,0.0,0.0,1.0,Apenas uma rodada de funding
258,1.34,1.73,-1.0,1.72,8,2,2,0,0,0,0,1,0,1,1,0,0,0,4.0,1,15.573368647930426,8,0.3899999999999999,2.7199999999999998,1.4388489208633095,1.3333333333333333,Múltiplas rodadas de funding
409,2.52,2.52,4.0,9.88,5,1,3,1,0,0,0,0,0,0,1,0,0,0,6.0,1,15.851522672265068,26,0.0,5.880000000000001,3.0,3.0,Apenas uma rodada de funding
903,0.0,6.5,0.34,10.01,24,3,3,1,0,0,0,0,0,0,1,1,1,0,6.0,1,17.108157192439005,29,6.5,9.67,0.4,1.5,Recebeu funding no 1º ano
823,1.0,2.16,4.36,5.33,10,2,2,1,0,0,0,0,0,1,1,0,0,0,2.0,1,15.068273812173887,11,1.1600000000000001,0.9699999999999998,0.9259259259259258,0.6666666666666666,Múltiplas rodadas de funding
17,2.59,6.76,5.5,5.5,8,5,1,1,0,0,0,0,1,0,1,1,1,1,3.5,0,17.707330876483063,26,4.17,0.0,0.19342359767891684,0.5833333333333334,Múltiplas rodadas de funding
214,2.45,2.45,-1.0,-1.0,0,2,0,0,0,0,0,1,1,1,0,0,0,0,2.0,0,13.815511557963774,29,0.0,0.0,0.0,0.6666666666666666,Apenas uma rodada de funding
348,2.0,2.0,-1.0,-1.0,4,1,0,0,1,0,0,0,0,1,0,0,0,0,5.0,0,13.122365377402328,33,0.0,0.0,0.0,2.5,Apenas uma rodada de funding
669,0.08,1.82,1.08,2.3,7,3,2,0,1,0,0,0,0,1,1,0,0,0,2.0,1,15.201805169084134,33,1.74,1.2199999999999998,0.7299270072992701,0.5,Múltiplas rodadas de funding
213,1.56,1.56,1.24,1.77,6,1,3,1,0,0,0,0,0,1,0,0,0,0,9.0,1,13.527829818844937,1,0.0,0.53,3.0,4.5,Apenas uma rodada de funding
143,2.0,3.92,3.0,5.22,8,3,3,0,1,0,0,0,0,0,1,0,0,0,1.0,0,17.622173069956816,11,1.92,2.2199999999999998,1.0273972602739727,0.25,Múltiplas rodadas de funding
420,4.33,11.17,8.7,8.71,3,4,2,0,0,1,0,0,0,0,0,1,0,1,4.3333,1,18.72688796630873,21,6.84,0.010000000000001563,0.25510204081632654,0.8666600000000001,Múltiplas rodadas de funding
294,1.67,1.67,-1.0,-1.0,3,1,0,0,0,0,0,1,1,0,0,0,0,0,1.0,0,12.765691290604371,12,0.0,0.0,0.0,0.5,Apenas uma rodada de funding
89,0.88,0.88,-1.0,-1.0,7,1,0,1,0,0,0,0,1,0,0,0,0,0,9.0,0,16.300417291085605,6,0.0,0.0,0.0,4.5,Apenas uma rodada de funding
457,0.75,0.75,-1.0,-1.0,3,2,0,0,1,0,0,0,0,1,0,0,0,0,1.0,0,11.51293546492023,0,0.0,0.0,0.0,0.3333333333333333,Apenas uma rodada de funding
539,0.33,4.69,3.25,4.69,13,4,3,1,0,0,0,0,0,0,1,1,1,1,4.0,1,17.04235459216419,29,4.36,1.4400000000000004,0.5597014925373134,0.8,Múltiplas rodadas de funding
494,0.74,0.74,1.17,3.92,9,1,2,0,0,0,1,0,0,0,1,0,0,0,2.0,0,15.201805169084134,25,0.0,2.75,2.0,1.0,Apenas uma rodada de funding
911,1.08,2.85,1.61,4.51,9,2,3,0,1,0,0,0,0,0,1,0,0,0,2.0,1,15.553585103207503,17,1.77,2.8999999999999995,1.0830324909747293,0.6666666666666666,Múltiplas rodadas de funding
579,1.07,1.07,0.84,3.99,4,1,3,1,0,0,0,0,0,0,1,0,0,0,2.0,0,15.274125813221904,0,0.0,3.1500000000000004,3.0,1.0,Apenas uma rodada de funding
716,0.68,0.79,0.0,0.0,2,2,1,0,0,0,0,1,0,1,0,0,0,0,1.0,0,11.736077016252437,1,0.10999999999999999,0.0,0.900900900900901,0.3333333333333333,Múltiplas rodadas de funding
454,1.41,4.28,1.33,5.18,5,2,2,1,0,0,0,0,1,1,0,0,0,0,3.5,0,13.698976741708323,17,2.87,3.8499999999999996,0.5167958656330749,1.1666666666666667,Múltiplas rodadas de funding
108,1.04,1.04,0.0,1.04,2,1,2,0,0,0,0,1,0,1,0,0,0,0,1.0,0,13.815511557963774,33,0.0,1.04,2.0,0.5,Apenas uma rodada de funding
455,4.22,4.22,3.0,3.0,6,1,1,1,0,0,0,0,0,0,0,1,0,0,3.0,1,16.588099342704055,29,0.0,0.0,1.0,1.5,Apenas uma rodada de funding
471,0.12,0.12,-1.0,5.26,6,1,2,1,0,0,0,0,0,0,1,0,0,0,2.0,1,16.029264546541317,33,0.0,6.26,2.0,1.0,Apenas uma rodada de funding
138,1.58,6.65,5.01,7.09,4,3,2,0,0,1,0,0,0,0,1,1,0,0,3.5,1,18.18178884836843,3,5.07,2.08,0.32948929159802304,0.875,Múltiplas rodadas de funding
755,0.13,0.27,0.31,0.31,5,2,1,0,1,0,0,0,0,1,0,0,0,0,1.0,0,9.305741456739435,33,0.14,0.0,0.8771929824561403,0.3333333333333333,Múltiplas rodadas de funding
885,1.08,5.82,6.35,9.44,14,4,4,0,0,0,0,1,0,0,1,1,1,0,2.3333,1,17.553180200057167,33,4.74,3.09,0.6968641114982578,0.46665999999999996,Múltiplas rodadas de funding
168,0.0,0.0,0.0,0.0,2,1,1,0,0,0,0,1,0,1,0,0,0,0,1.0,0,9.61587214452889,33,0.0,0.0,1.0,0.5,Recebeu funding no 1º ano
14,0.02,2.44,0.79,4.38,15,3,3,0,1,0,0,0,0,0,1,1,1,0,2.3333,1,16.11308320963728,7,2.42,3.59,0.8771929824561404,0.583325,Múltiplas rodadas de funding
63,4.05,9.3,6.0,6.0,2,5,1,0,0,0,0,1,1,0,0,0,1,0,3.0,1,16.7554434525954,8,5.250000000000001,0.0,0.15999999999999998,0.5,Múltiplas rodadas de funding
498,3.64,11.9,10.98,12.68,29,7,3,0,0,0,0,1,1,0,0,0,0,0,2.0,1,19.2886631955324,29,8.26,1.6999999999999993,0.32397408207343414,0.25,Múltiplas rodadas de funding
626,4.22,4.22,-1.0,-1.0,4,1,0,1,0,0,0,0,0,0,0,0,0,1,4.0,0,17.073607134447293,23,0.0,0.0,0.0,2.0,Apenas uma rodada de funding
541,1.34,4.3,2.08,5.84,12,4,4,1,0,0,0,0,1,0,1,1,1,0,4.25,1,17.650652540654736,11,2.96,3.76,1.0101010101010102,0.85,Múltiplas rodadas de funding
613,2.56,3.39,8.15,8.15,7,2,1,1,0,0,0,0,1,0,0,1,0,0,1.5,1,16.213405921671733,29,0.8300000000000001,0.0,0.5464480874316939,0.5,Múltiplas rodadas de funding
737,0.76,0.76,-1.0,-1.0,3,1,0,0,0,0,0,1,1,0,0,0,0,0,1.0,0,13.122365377402328,11,0.0,0.0,0.0,0.5,Apenas uma rodada de funding
848,2.25,2.25,1.75,1.75,3,2,1,0,0,0,0,1,0,1,0,0,0,0,1.0,0,12.765691290604371,17,0.0,0.0,1.0,0.3333333333333333,Apenas uma rodada de funding
620,7.39,7.39,4.0,4.0,4,1,1,1,0,0,0,0,0,0,0,0,1,0,1.0,1,16.118095750958314,3,0.0,0.0,1.0,0.5,Apenas uma rodada de funding
323,2.14,10.13,10.42,12.19,35,4,3,0,0,0,0,1,1,0,0,1,0,1,2.0,1,17.92152626332182,31,7.99,1.7699999999999996,0.3337041156840934,0.4,Múltiplas rodadas de funding
739,0.58,1.65,-1.0,-1.0,3,2,0,1,0,0,0,0,0,1,1,0,0,0,1.0,0,13.652992804936396,6,1.0699999999999998,0.0,0.0,0.3333333333333333,Múltiplas rodadas de funding
770,0.08,0.08,0.5,1.38,8,1,2,0,1,0,0,0,0,0,0,0,0,0,5.0,1,14.375126917328105,20,0.0,0.8799999999999999,2.0,2.5,Apenas uma rodada de funding
821,0.92,3.75,0.58,4.88,14,3,2,0,0,1,0,0,0,0,1,1,1,0,2.6667,1,17.147715103853763,19,2.83,4.3,0.5221932114882506,0.666675,Múltiplas rodadas de funding
516,2.16,3.29,3.5,7.69,13,2,4,0,0,0,0,0,0,0,1,1,0,0,2.5,0,17.312018149733785,25,1.13,4.19,1.8779342723004695,0.8333333333333334,Múltiplas rodadas de funding
907,5.3,8.62,-1.0,-1.0,4,3,0,1,0,0,0,0,0,0,0,0,1,1,4.6667,1,17.78580249038432,27,3.3199999999999994,0.0,0.0,1.166675,Múltiplas rodadas de funding
530,0.45,6.08,3.74,3.74,2,3,1,0,0,0,0,1,0,0,1,0,0,0,1.0,1,16.54247514885925,22,5.63,0.0,0.15082956259426847,0.25,Múltiplas rodadas de funding
209,5.1,8.64,5.67,6.9,10,3,2,1,0,0,0,0,1,0,0,1,0,0,1.6667,1,16.118095750958314,0,3.540000000000001,1.2300000000000004,0.4405286343612334,0.416675,Múltiplas rodadas de funding
207,1.17,1.5,0.08,5.39,3,2,4,1,0,0,0,0,0,1,1,0,0,0,1.5,0,15.363073279446223,33,0.33000000000000007,5.31,3.007518796992481,0.5,Múltiplas rodadas de funding
250,0.0,0.0,3.59,4.33,0,1,2,0,1,0,0,0,0,1,0,0,0,0,1.0,1,13.815511557963774,33,0.0,0.7400000000000002,2.0,0.5,Recebeu funding no 1º ano
170,2.81,2.81,3.0,4.65,6,1,2,1,0,0,0,0,1,0,0,0,0,0,1.0,1,14.914123179965662,11,0.0,1.6500000000000004,2.0,0.5,Apenas uma rodada de funding
339,0.0,3.96,4.76,5.15,24,5,3,0,1,0,0,0,1,0,1,1,1,1,3.8,1,18.31532023940565,8,3.96,0.39000000000000057,0.6048387096774194,0.6333333333333333,Recebeu funding no 1º ano
253,5.59,5.59,-1.0,-1.0,3,1,0,0,0,1,0,0,1,0,0,0,0,0,2.0,1,17.073607134447293,27,0.0,0.0,0.0,1.0,Apenas uma rodada de funding
589,5.49,6.58,6.75,6.75,3,2,1,0,0,0,0,1,0,0,1,1,0,0,1.5,1,16.380459992348886,19,1.0899999999999999,0.0,0.47846889952153115,0.5,Múltiplas rodadas de funding
774,5.15,5.15,2.0,2.0,4,1,1,0,0,1,0,0,1,0,0,0,0,0,1.0,1,14.508658238524095,33,0.0,0.0,1.0,0.5,Apenas uma rodada de funding
569,1.88,1.88,1.0,1.0,2,1,1,0,0,0,0,1,0,0,1,0,0,0,2.0,0,16.118095750958314,29,0.0,0.0,1.0,1.0,Apenas uma rodada de funding
87,1.13,1.13,1.0,2.68,7,1,2,1,0,0,0,0,0,0,1,0,0,0,1.0,1,15.424948670398354,33,0.0,1.6800000000000002,2.0,0.5,Apenas uma rodada de funding
685,6.01,6.01,6.01,6.01,2,1,1,1,0,0,0,0,0,0,0,0,1,0,1.0,1,16.118095750958314,27,0.0,0.0,1.0,0.5,Apenas uma rodada de funding
570,0.68,1.45,0.0,0.0,2,2,1,1,0,0,0,0,1,1,0,0,0,0,1.0,0,9.961284651262345,17,0.7699999999999999,0.0,0.5649717514124294,0.3333333333333333,Múltiplas rodadas de funding
10,1.67,4.68,2.92,6.12,14,3,4,1,0,0,0,0,1,1,1,0,0,0,1.0,1,15.564710586686562,33,3.01,3.2,0.9975062344139651,0.25,Múltiplas rodadas de funding
460,0.25,0.74,4.21,6.35,22,2,4,1,0,0,0,0,0,0,1,1,0,0,3.0,1,15.201805169084134,33,0.49,2.1399999999999997,2.684563758389262,1.0,Múltiplas rodadas de funding
892,0.67,0.67,0.8,5.28,1,1,3,1,0,0,0,0,0,1,0,0,0,0,8.0,0,14.077875591662238,33,0.0,4.48,3.0,4.0,Apenas uma rodada de funding
581,4.24,9.36,5.01,5.01,16,2,1,1,0,0,0,0,0,0,0,0,1,0,3.5,1,17.747336210296442,3,5.119999999999999,0.0,0.16339869281045755,1.1666666666666667,Múltiplas rodadas de funding
586,0.3,0.3,0.3,0.3,1,1,1,0,0,0,0,1,0,1,0,0,0,0,1.0,0,9.852246888342531,6,0.0,0.0,1.0,0.5,Apenas uma rodada de funding
908,2.33,6.68,6.96,8.93,17,4,3,1,0,0,0,0,1,0,1,1,1,0,2.0,1,16.955343218782065,28,4.35,1.9699999999999998,0.5607476635514019,0.4,Múltiplas rodadas de funding
601,0.76,2.45,2.16,2.9,3,2,2,0,0,0,0,1,0,1,0,0,0,0,1.5,1,12.429220196836383,20,1.6900000000000002,0.7399999999999998,0.7434944237918214,0.5,Múltiplas rodadas de funding
670,0.92,5.55,5.0,5.0,9,2,1,1,0,0,0,0,1,0,0,1,0,0,3.0,1,18.105970012811294,3,4.63,0.0,0.17761989342806395,1.0,Múltiplas rodadas de funding
185,0.62,1.59,-1.0,-1.0,2,2,0,0,1,0,0,0,0,1,0,0,0,0,3.0,0,13.698977865303197,17,0.9700000000000001,0.0,0.0,1.0,Múltiplas rodadas de funding
114,0.41,0.41,0.0,2.53,10,1,2,1,0,0,0,0,0,0,0,1,0,0,4.0,1,15.623799493077952,25,0.0,2.53,2.0,2.0,Apenas uma rodada de funding
210,4.96,10.32,-1.0,-1.0,0,4,0,0,0,0,1,0,1,0,1,0,0,0,3.0,0,17.479072229734946,27,5.36,0.0,0.0,0.6,Múltiplas rodadas de funding
813,1.16,4.8,2.33,6.9,18,3,5,1,0,0,0,0,0,0,1,1,1,0,2.6667,1,18.020203192280615,31,3.6399999999999997,4.57,1.0775862068965518,0.666675,Múltiplas rodadas de funding
763,0.53,1.05,1.3,3.38,30,3,3,1,0,0,0,0,0,1,1,0,0,0,8.6667,1,16.098644497887836,0,0.52,2.08,1.9736842105263157,2.166675,Múltiplas rodadas de funding
663,7.46,7.46,5.59,5.59,7,1,1,0,0,1,0,0,1,0,0,0,0,0,7.0,1,17.182806422433504,3,0.0,0.0,1.0,3.5,Apenas uma rodada de funding
331,4.24,6.58,7.0,7.0,10,2,1,1,0,0,0,0,0,0,0,0,0,1,4.5,1,17.233237274364523,8,2.34,0.0,0.29940119760479045,1.5,Múltiplas rodadas de funding
368,2.35,3.35,-1.0,-1.0,3,2,0,1,0,0,0,0,0,0,0,1,1,0,4.5,1,18.096334700960252,0,1.0,0.0,0.0,1.5,Múltiplas rodadas de funding
842,4.09,4.09,4.67,5.19,13,1,2,1,0,0,0,0,0,1,0,0,0,0,5.0,1,13.815511557963774,0,0.0,0.5200000000000005,2.0,2.5,Apenas uma rodada de funding
301,0.0,0.0,0.27,0.86,5,1,2,0,0,0,1,0,0,1,0,0,0,0,1.0,0,9.90353755128617,17,0.0,0.59,2.0,0.5,Recebeu funding no 1º ano
691,0.0,0.69,0.0,0.69,6,2,2,0,0,0,0,1,1,1,0,0,0,0,1.0,0,13.384729180332174,6,0.69,0.69,1.183431952662722,0.3333333333333333,Recebeu funding no 1º ano
732,1.97,3.92,-1.0,-1.0,2,2,0,0,1,0,0,0,1,0,0,0,0,0,3.0,0,16.951004817371683,6,1.95,0.0,0.0,1.0,Múltiplas rodadas de funding
56,1.19,3.5,-1.0,-1.0,0,2,0,1,0,0,0,0,1,0,1,0,0,0,2.0,0,16.304575300888487,29,2.31,0.0,0.0,0.6666666666666666,Múltiplas rodadas de funding
633,2.79,6.04,7.5,8.01,16,4,2,1,0,0,0,0,0,0,1,1,1,0,2.0,0,17.622173069956816,26,3.25,0.5099999999999998,0.47058823529411764,0.4,Múltiplas rodadas de funding
224,0.0,0.0,1.25,1.25,4,1,1,1,0,0,0,0,0,1,0,0,0,0,4.0,0,12.691583538230217,4,0.0,0.0,1.0,2.0,Recebeu funding no 1º ano
142,0.75,2.33,2.0,2.0,6,2,1,1,0,0,0,0,0,0,1,1,0,0,3.0,1,16.52356082573315,29,1.58,0.0,0.38759689922480617,1.0,Múltiplas rodadas de funding
192,0.75,2.75,1.58,4.53,5,2,2,1,0,0,0,0,0,0,1,1,0,0,3.0,1,15.068273812173887,11,2.0,2.95,0.6666666666666666,1.0,Múltiplas rodadas de funding
477,5.95,5.95,-1.0,-1.0,1,1,0,0,0,0,1,0,0,0,0,0,1,0,4.0,1,16.88356353960952,23,0.0,0.0,0.0,2.0,Apenas uma rodada de funding
412,3.88,7.2,2.67,7.2,3,4,2,1,0,0,0,0,1,0,0,1,1,0,3.0,0,17.147715103853763,6,3.3200000000000003,4.53,0.4629629629629629,0.6,Múltiplas rodadas de funding
77,9.17,9.2,-1.0,-1.0,0,2,0,1,0,0,0,0,1,0,0,0,0,0,1.0,0,16.694709071442087,29,0.02999999999999936,0.0,0.0,0.3333333333333333,Múltiplas rodadas de funding
701,5.48,5.48,-1.0,-1.0,5,1,0,1,0,0,0,0,0,0,0,0,1,0,6.0,1,17.216707972959764,15,0.0,0.0,0.0,3.0,Apenas uma rodada de funding
418,0.0,0.0,0.11,0.11,2,1,1,0,1,0,0,0,0,0,1,0,0,0,2.0,0,15.424948670398354,11,0.0,0.0,1.0,1.0,Recebeu funding no 1º ano
915,3.21,3.21,3.0,4.62,5,1,2,0,1,0,0,0,0,0,1,0,0,0,2.0,1,14.80876270134486,11,0.0,1.62,2.0,1.0,Apenas uma rodada de funding
876,3.65,3.65,4.15,4.68,12,4,3,0,0,1,0,0,0,1,1,1,0,0,3.75,1,16.828591518992926,1,0.0,0.5299999999999994,3.0,0.75,Apenas uma rodada de funding
415,0.58,1.65,0.63,4.26,6,2,2,0,1,0,0,0,0,1,0,0,0,0,2.5,1,13.199326270390594,33,1.0699999999999998,3.63,0.9661835748792271,0.8333333333333334,Múltiplas rodadas de funding
639,0.7,1.13,1.45,2.21,12,2,2,1,0,0,0,0,0,0,1,1,0,0,3.5,1,16.759949589762293,11,0.42999999999999994,0.76,1.3986013986013988,1.1666666666666667,Múltiplas rodadas de funding
840,0.0,0.0,0.33,3.22,5,1,4,1,0,0,0,0,0,1,0,0,0,0,2.0,0,12.611541086966115,23,0.0,2.89,4.0,1.0,Recebeu funding no 1º ano
598,0.01,1.15,-1.0,1.23,5,3,3,0,1,0,0,0,0,1,0,0,0,0,1.5,0,13.710151153416941,28,1.14,2.23,1.4018691588785048,0.375,Múltiplas rodadas de funding
78,0.01,2.1,3.09,3.78,12,3,3,1,0,0,0,0,0,1,1,1,0,0,4.0,1,17.867295523158884,22,2.0900000000000003,0.69,0.9708737864077669,1.0,Múltiplas rodadas de funding
815,0.47,1.22,0.0,1.22,5,2,2,1,0,0,0,0,0,1,0,1,0,0,2.0,0,12.611541086966115,11,0.75,1.22,1.1428571428571428,0.6666666666666666,Múltiplas rodadas de funding
846,0.21,2.21,4.63,5.55,8,2,3,1,0,0,0,0,0,0,1,1,0,0,1.0,1,15.955576839107596,33,2.0,0.9199999999999999,1.0,0.3333333333333333,Múltiplas rodadas de funding
617,0.42,3.42,3.6,4.85,19,4,4,1,0,0,0,0,0,1,1,1,0,0,2.25,1,16.46168542627038,8,3.0,1.2499999999999996,1.0,0.45,Múltiplas rodadas de funding
587,1.67,5.3,5.84,8.35,27,6,3,0,0,0,0,1,0,0,1,1,1,1,3.4,1,18.17860919549149,6,3.63,2.51,0.6479481641468683,0.4857142857142857,Múltiplas rodadas de funding
551,8.45,8.45,-1.0,-1.0,1,1,0,1,0,0,0,0,0,0,0,1,0,0,3.0,0,17.569709501618057,3,0.0,0.0,0.0,1.5,Apenas uma rodada de funding
125,0.76,4.41,2.78,4.0,14,4,2,1,0,0,0,0,1,0,1,1,1,0,2.25,1,17.34919715186959,4,3.6500000000000004,1.2200000000000002,0.4301075268817204,0.45,Múltiplas rodadas de funding
427,0.25,1.0,1.16,1.16,3,5,1,1,0,0,0,0,1,1,0,0,0,0,2.0,0,12.128116509451258,17,0.75,0.0,0.5714285714285714,0.3333333333333333,Múltiplas rodadas de funding
789,2.09,2.09,1.42,1.42,6,3,1,1,0,0,0,0,0,1,1,0,0,0,2.0,1,14.419827071265543,13,0.0,0.0,1.0,0.5,Apenas uma rodada de funding
338,0.5,3.36,3.42,7.23,9,5,5,0,1,0,0,0,0,1,1,1,0,0,5.8,1,16.48273883399067,33,2.86,3.8100000000000005,1.2953367875647668,0.9666666666666667,Múltiplas rodadas de funding
204,1.84,8.34,5.67,13.56,4,2,5,0,0,0,0,1,0,1,0,1,0,0,1.5,1,15.404745967162468,8,6.5,7.890000000000001,0.6666666666666666,0.5,Múltiplas rodadas de funding
68,3.96,6.52,4.58,7.69,4,2,4,0,0,0,0,1,1,0,0,0,0,0,2.0,1,16.3995081858682,0,2.5599999999999996,3.1100000000000003,1.1235955056179776,0.6666666666666666,Múltiplas rodadas de funding
33,2.02,2.02,-1.0,-1.0,9,2,0,0,0,0,0,1,0,0,1,1,0,0,2.5,0,15.424948670398354,29,0.0,0.0,0.0,0.8333333333333334,Apenas uma rodada de funding
97,1.7,6.52,3.28,4.93,3,5,3,0,0,0,0,1,1,0,1,0,0,0,2.0,1,16.191747890710374,29,4.819999999999999,1.65,0.5154639175257733,0.3333333333333333,Múltiplas rodadas de funding
356,0.5,3.42,1.99,5.96,14,3,5,1,0,0,0,0,0,1,0,1,1,0,1.6667,1,16.388122864507256,32,2.92,3.9699999999999998,1.2755102040816326,0.416675,Múltiplas rodadas de funding
641,1.09,1.09,1.61,2.17,6,1,2,1,0,0,0,0,0,0,1,0,0,0,7.0,1,16.118095750958314,29,0.0,0.5599999999999998,2.0,3.5,Apenas uma rodada de funding
667,0.67,0.67,0.0,0.0,2,1,1,1,0,0,0,0,0,0,0,0,0,0,1.0,0,14.77102238760702,25,0.0,0.0,1.0,0.5,Apenas uma rodada de funding
629,4.35,4.35,6.17,9.09,7,1,3,0,1,0,0,0,0,0,0,1,0,0,4.0,1,16.118095750958314,11,0.0,2.92,3.0,2.0,Apenas uma rodada de funding
367,0.84,1.41,1.64,1.64,4,2,1,0,1,0,0,0,0,0,1,1,0,0,2.5,1,16.749367480991666,9,0.57,0.0,0.6369426751592357,0.8333333333333334,Múltiplas rodadas de funding
424,0.77,0.77,0.31,1.15,3,1,2,1,0,0,0,0,0,0,0,0,0,0,1.0,0,14.508658238524095,33,0.0,0.8399999999999999,2.0,0.5,Apenas uma rodada de funding
881,0.7,2.13,2.4,4.05,10,3,4,1,0,0,0,0,0,0,1,1,0,0,3.0,1,15.52930866590278,11,1.43,1.65,1.6460905349794241,0.75,Múltiplas rodadas de funding
552,5.98,7.39,4.0,4.0,5,3,1,1,0,0,0,0,1,0,0,0,0,1,4.0,1,18.197537205138154,29,1.4099999999999993,0.0,0.4149377593360997,1.0,Múltiplas rodadas de funding
160,0.0,0.0,0.58,0.58,3,1,1,0,0,0,0,1,0,1,0,0,0,0,1.0,0,9.90353755128617,33,0.0,0.0,1.0,0.5,Recebeu funding no 1º ano
808,1.43,1.43,2.35,3.46,5,1,3,1,0,0,0,0,0,0,1,0,0,0,4.0,1,15.201805169084134,29,0.0,1.1099999999999999,3.0,2.0,Apenas uma rodada de funding
753,1.33,3.0,2.16,5.96,8,3,6,0,0,1,0,0,1,1,1,0,0,0,1.6667,1,15.068273812173887,6,1.67,3.8,2.247191011235955,0.416675,Múltiplas rodadas de funding
562,1.87,6.48,-1.0,-1.0,4,5,0,1,0,0,0,0,1,0,1,1,0,0,2.0,0,16.866624414951822,0,4.61,0.0,0.0,0.3333333333333333,Múltiplas rodadas de funding
858,0.67,0.67,-1.0,0.86,7,1,2,1,0,0,0,0,0,1,0,0,0,0,3.0,0,10.819798284210286,0,0.0,1.8599999999999999,2.0,1.5,Apenas uma rodada de funding
346,1.18,1.38,1.33,3.11,7,2,2,0,1,0,0,0,0,1,1,0,0,0,2.5,0,14.45736497045232,33,0.19999999999999996,1.7799999999999998,1.6666666666666667,0.8333333333333334,Múltiplas rodadas de funding
165,2.35,3.43,2.36,4.0,4,2,2,1,0,0,0,0,0,0,1,1,0,0,2.5,0,17.216707972959764,29,1.08,1.6400000000000001,0.9615384615384615,0.8333333333333334,Múltiplas rodadas de funding
374,1.67,2.11,2.3,3.55,23,2,2,0,1,0,0,0,0,0,1,1,0,0,1.0,1,15.623799493077952,28,0.43999999999999995,1.25,1.3888888888888888,0.3333333333333333,Múltiplas rodadas de funding
289,7.49,7.87,7.01,7.01,6,2,1,1,0,0,0,0,1,0,0,1,0,0,4.0,0,16.705882371415992,12,0.3799999999999999,0.0,0.7246376811594204,1.3333333333333333,Múltiplas rodadas de funding
506,16.99,16.99,16.66,18.32,7,1,2,1,0,0,0,0,0,0,1,0,0,0,1.0,0,15.607270193858982,19,0.0,1.6600000000000001,2.0,0.5,Apenas uma rodada de funding
221,0.75,2.1,1.65,2.1,6,2,3,0,0,0,0,1,0,1,0,0,0,0,1.5,1,14.508658238524095,0,1.35,0.4500000000000002,1.276595744680851,0.5,Múltiplas rodadas de funding
584,0.42,2.23,2.23,4.34,8,2,2,1,0,0,0,0,0,0,1,1,0,0,2.5,1,17.370858648025116,8,1.81,2.11,0.7117437722419929,0.8333333333333334,Múltiplas rodadas de funding
354,1.41,2.52,-1.0,-1.0,0,2,0,0,0,0,0,1,1,0,0,0,0,0,1.0,0,14.008662421355451,8,1.11,0.0,0.0,0.3333333333333333,Múltiplas rodadas de funding
491,0.75,1.16,2.4,8.84,63,2,6,1,0,0,0,0,0,0,1,1,0,0,1.0,1,16.257857680289998,11,0.4099999999999999,6.4399999999999995,4.25531914893617,0.3333333333333333,Múltiplas rodadas de funding
254,0.67,0.67,0.0,0.76,3,1,2,1,0,0,0,0,0,1,0,0,0,0,1.0,0,11.51293546492023,11,0.0,0.76,2.0,0.5,Apenas uma rodada de funding
638,10.36,10.36,5.84,5.84,4,1,1,0,0,0,0,1,1,0,0,0,0,0,5.0,0,16.860033043306743,27,0.0,0.0,1.0,2.5,Apenas uma rodada de funding
814,0.34,5.23,4.17,5.72,13,4,3,1,0,0,0,0,0,1,1,1,1,0,4.5,1,17.78580249038432,1,4.890000000000001,1.5499999999999998,0.5093378607809846,0.9,Múltiplas rodadas de funding
47,0.93,2.95,0.83,2.74,2,3,3,0,1,0,0,0,0,1,1,0,0,0,2.0,1,15.137266664613225,9,2.02,1.9100000000000001,0.9933774834437086,0.5,Múltiplas rodadas de funding
741,0.52,1.1,0.25,2.06,12,2,2,1,0,0,0,0,0,1,1,0,0,0,11.5,1,14.962913328262083,33,0.5800000000000001,1.81,1.2658227848101264,3.8333333333333335,Múltiplas rodadas de funding
447,2.07,9.38,7.01,7.01,13,5,1,0,0,1,0,0,0,0,0,1,1,1,3.25,1,17.479072229734946,29,7.3100000000000005,0.0,0.12033694344163658,0.5416666666666666,Múltiplas rodadas de funding
833,0.76,4.41,2.78,4.0,14,4,2,1,0,0,0,0,1,0,1,1,1,0,2.25,1,17.34919715186959,4,3.6500000000000004,1.2200000000000002,0.4301075268817204,0.45,Múltiplas rodadas de funding
467,2.52,2.52,4.69,4.69,7,2,1,1,0,0,0,0,0,0,1,1,0,0,2.0,1,15.656060350091908,16,0.0,0.0,1.0,0.6666666666666666,Apenas uma rodada de funding
186,10.53,10.53,-1.0,-1.0,0,1,0,1,0,0,0,0,1,0,0,0,0,0,1.0,0,14.77102238760702,17,0.0,0.0,0.0,0.5,Apenas uma rodada de funding
421,0.23,0.23,-1.0,-1.0,5,2,0,1,0,0,0,0,1,1,0,0,0,0,1.0,0,15.424948670398354,17,0.0,0.0,0.0,0.3333333333333333,Apenas uma rodada de funding
787,3.09,9.32,0.5,9.53,5,3,2,1,0,0,0,0,1,0,0,1,1,0,3.3333,1,17.974393656948944,27,6.23,9.03,0.276625172890733,0.833325,Múltiplas rodadas de funding
385,0.72,3.59,2.84,4.02,17,4,4,1,0,0,0,0,1,0,1,1,1,0,2.3333,1,18.005165315142214,9,2.87,1.1799999999999997,1.0335917312661498,0.46665999999999996,Múltiplas rodadas de funding
416,0.0,1.25,1.0,5.44,4,2,4,1,0,0,0,0,0,1,1,0,0,0,2.0,1,14.946912992035967,11,1.25,4.44,1.7777777777777777,0.6666666666666666,Recebeu funding no 1º ano
341,-1.0,-1.0,-1.0,5.77,10,2,4,1,0,0,0,0,0,0,1,0,1,0,2.5,1,17.073607134447293,11,0.0,6.77,4.0,0.8333333333333334,Nunca recebeu funding
870,0.72,3.71,0.54,3.63,11,3,4,1,0,0,0,0,1,0,1,1,0,0,2.6667,1,16.91108821173685,1,2.99,3.09,1.0025062656641603,0.666675,Múltiplas rodadas de funding
817,2.92,4.25,2.0,7.17,4,2,3,1,0,0,0,0,0,0,1,0,0,0,7.0,1,15.687312888712007,33,1.33,5.17,1.2875536480686696,2.3333333333333335,Múltiplas rodadas de funding
297,0.5,3.3,2.07,7.0,18,3,4,0,0,1,0,0,1,0,1,1,0,0,2.0,1,17.0926553286923,17,2.8,4.93,1.0526315789473684,0.5,Múltiplas rodadas de funding
402,2.58,4.0,2.03,4.62,5,2,3,1,0,0,0,0,0,0,1,1,0,0,1.0,0,15.404745967162468,17,1.42,2.5900000000000003,1.2396694214876034,0.3333333333333333,Múltiplas rodadas de funding
573,1.75,5.56,2.25,2.25,5,3,1,1,0,0,0,0,1,0,0,1,0,1,7.6667,1,18.058275139672464,27,3.8099999999999996,0.0,0.2079002079002079,1.916675,Múltiplas rodadas de funding
469,0.0,0.0,0.0,0.0,2,1,1,0,0,0,0,1,0,1,0,0,0,0,1.0,0,9.90353755128617,9,0.0,0.0,1.0,0.5,Recebeu funding no 1º ano
899,1.23,5.87,3.65,6.7,4,4,2,0,0,0,0,1,1,0,1,1,1,0,5.3333,1,17.312018149733785,29,4.640000000000001,3.0500000000000003,0.35460992907801414,1.0666600000000002,Múltiplas rodadas de funding
456,2.42,2.42,2.5,8.4,5,1,4,1,0,0,0,0,0,0,0,1,0,0,2.0,1,15.76142084987672,33,0.0,5.9,4.0,1.0,Apenas uma rodada de funding
115,0.53,1.92,2.25,2.98,12,3,2,1,0,0,0,0,1,1,0,0,0,0,4.0,0,14.557448378884015,8,1.39,0.73,0.8368200836820084,1.0,Múltiplas rodadas de funding
822,4.75,5.23,5.85,7.76,10,2,3,0,0,0,1,0,1,0,0,0,0,0,1.0,1,17.216707972959764,19,0.4800000000000004,1.9100000000000001,2.0270270270270263,0.3333333333333333,Múltiplas rodadas de funding
269,4.09,5.58,4.0,4.0,8,2,1,1,0,0,0,0,0,0,0,1,1,0,2.5,1,16.32103657658766,0,1.4900000000000002,0.0,0.4016064257028112,0.8333333333333334,Múltiplas rodadas de funding
369,3.15,3.15,-1.0,4.41,3,3,4,1,0,0,0,0,0,1,0,0,0,0,1.0,1,14.085538458535822,28,0.0,5.41,4.0,0.25,Apenas uma rodada de funding
352,0.16,2.18,1.51,2.18,3,4,2,0,0,0,0,1,0,1,1,1,0,0,1.5,1,15.024471202308668,17,2.02,0.6700000000000002,0.6622516556291391,0.3,Múltiplas rodadas de funding
660,2.16,5.85,6.0,6.0,3,4,1,1,0,0,0,0,0,0,1,1,1,0,2.25,0,18.09217669086922,21,3.6899999999999995,0.0,0.21321961620469085,0.45,Múltiplas rodadas de funding
707,4.54,9.34,2.0,2.0,2,2,1,0,0,1,0,0,1,0,0,1,0,0,3.5,0,16.759949589762293,29,4.8,0.0,0.1724137931034483,1.1666666666666667,Múltiplas rodadas de funding
647,3.85,4.83,4.96,7.26,18,3,3,1,0,0,0,0,0,1,1,1,0,0,1.5,1,16.056220353623207,8,0.98,2.3,1.5151515151515151,0.375,Múltiplas rodadas de funding
42,0.0,0.58,0.58,0.59,9,2,2,0,0,0,0,1,0,1,0,0,0,0,1.0,1,11.736077016252437,17,0.58,0.010000000000000009,1.2658227848101264,0.3333333333333333,Recebeu funding no 1º ano
126,0.68,4.55,-1.0,-1.0,2,5,0,0,0,1,0,0,0,0,1,1,1,0,4.6667,1,18.262635463336707,3,3.8699999999999997,0.0,0.0,0.7777833333333333,Múltiplas rodadas de funding
861,0.0,2.35,0.0,5.16,7,3,2,1,0,0,0,0,1,0,0,1,1,0,2.3333,1,16.928447966889106,27,2.35,5.16,0.5970149253731343,0.583325,Recebeu funding no 1º ano
483,2.08,4.02,2.5,2.5,5,5,1,0,0,1,0,0,0,1,0,0,0,0,5.0,1,13.979329492089743,29,1.9399999999999995,0.0,0.34013605442176875,0.8333333333333334,Múltiplas rodadas de funding
355,0.84,4.22,0.76,4.93,18,3,3,1,0,0,0,0,0,0,1,1,0,0,3.6667,1,16.9948136493273,0,3.38,4.17,0.684931506849315,0.916675,Múltiplas rodadas de funding
434,6.26,6.26,1.0,1.0,2,1,1,0,0,0,0,1,1,0,0,0,0,0,1.0,1,16.118095750958314,29,0.0,0.0,1.0,0.5,Apenas uma rodada de funding
176,1.58,1.58,2.25,2.53,14,1,2,0,0,0,1,0,0,0,1,0,0,0,1.0,0,14.914123179965662,8,0.0,0.2799999999999998,2.0,0.5,Apenas uma rodada de funding
208,0.0,0.0,-1.0,-1.0,3,1,0,1,0,0,0,0,0,1,0,0,0,0,2.0,0,11.695255355062795,23,0.0,0.0,0.0,1.0,Recebeu funding no 1º ano
678,0.58,2.46,2.5,5.09,17,3,4,0,0,1,0,0,0,0,1,1,1,0,1.6667,1,17.158372397949154,0,1.88,2.59,1.3888888888888888,0.416675,Múltiplas rodadas de funding
433,0.0,0.0,-1.0,0.86,9,2,2,0,0,0,0,1,0,0,1,1,0,0,2.0,0,17.833693777206424,19,0.0,1.8599999999999999,2.0,0.6666666666666666,Recebeu funding no 1º ano
528,4.93,4.93,0.0,0.0,2,1,1,0,0,1,0,0,0,0,0,0,1,0,4.0,0,16.300417291085605,12,0.0,0.0,1.0,2.0,Apenas uma rodada de funding
106,2.47,4.83,0.59,5.62,4,2,6,0,0,0,0,1,0,0,1,1,0,0,1.0,0,15.424948670398354,33,2.36,5.03,1.7857142857142858,0.3333333333333333,Múltiplas rodadas de funding
235,-1.0,-1.0,-1.0,7.45,9,1,4,1,0,0,0,0,0,0,1,0,0,0,1.0,1,15.201805169084134,17,0.0,8.45,4.0,0.5,Nunca recebeu funding
191,5.68,6.32,5.01,5.01,4,2,1,0,0,1,0,0,1,0,0,0,1,0,2.5,1,16.52688861560434,29,0.6400000000000006,0.0,0.6097560975609754,0.8333333333333334,Múltiplas rodadas de funding
122,0.92,2.78,3.0,3.65,6,2,2,1,0,0,0,0,0,0,1,1,0,0,2.5,1,16.066802461833923,6,1.8599999999999999,0.6499999999999999,0.6993006993006994,0.8333333333333334,Múltiplas rodadas de funding
5,0.0,1.67,0.04,0.04,2,2,1,1,0,0,0,0,1,1,0,0,0,0,1.0,0,14.077875591662238,11,1.67,0.0,0.37453183520599254,0.3333333333333333,Recebeu funding no 1º ano
758,4.84,4.84,-1.0,-1.0,2,1,0,1,0,0,0,0,0,0,0,1,0,0,2.0,0,16.118095750958314,29,0.0,0.0,0.0,1.0,Apenas uma rodada de funding
281,0.05,0.05,0.07,0.4,4,1,2,0,0,0,0,1,0,1,0,0,0,0,1.0,0,11.51293546492023,28,0.0,0.33,2.0,0.5,Apenas uma rodada de funding
606,2.0,8.04,6.59,6.59,9,4,1,1,0,0,0,0,1,0,1,1,1,0,2.6667,1,17.192721894025468,29,6.039999999999999,0.0,0.14204545454545456,0.53334,Múltiplas rodadas de funding
425,5.0,5.0,5.5,5.5,3,1,1,0,0,0,0,1,1,0,0,0,0,0,1.0,1,15.687312888712007,29,0.0,0.0,1.0,0.5,Apenas uma rodada de funding
760,0.08,1.84,1.42,2.34,3,3,3,1,0,0,0,0,0,1,1,1,0,0,1.5,1,16.257857680289998,8,1.76,0.9199999999999999,1.0869565217391306,0.375,Múltiplas rodadas de funding
206,0.03,2.21,4.52,6.91,12,3,6,1,0,0,0,0,0,1,1,1,0,0,2.6667,1,15.786113458982772,33,2.18,2.3900000000000006,1.8867924528301885,0.666675,Múltiplas rodadas de funding
738,0.04,0.73,0.47,0.92,4,2,2,1,0,0,0,0,0,1,0,0,0,0,1.0,1,11.156264806643742,20,0.69,0.45000000000000007,1.183431952662722,0.3333333333333333,Múltiplas rodadas de funding
720,10.88,10.88,15.5,15.5,3,1,1,1,0,0,0,0,0,0,1,0,0,0,2.0,0,13.815511557963774,12,0.0,0.0,1.0,1.0,Apenas uma rodada de funding
290,0.65,3.55,3.84,6.56,27,3,5,1,0,0,0,0,0,0,1,1,1,0,3.6667,1,17.073607134447293,16,2.9,2.7199999999999998,1.2820512820512822,0.916675,Múltiplas rodadas de funding
511,0.87,0.87,-1.0,-1.0,1,1,0,0,0,0,1,0,0,1,0,0,0,0,1.0,0,10.308985993422082,29,0.0,0.0,0.0,0.5,Apenas uma rodada de funding
76,2.7,4.0,1.0,1.0,2,2,1,1,0,0,0,0,1,0,0,1,0,0,4.0,0,16.796129244469636,29,1.2999999999999998,0.0,0.4347826086956522,1.3333333333333333,Múltiplas rodadas de funding
273,0.41,0.41,6.83,8.87,9,1,3,1,0,0,0,0,0,1,0,0,0,0,1.0,1,11.51293546492023,33,0.0,2.039999999999999,3.0,0.5,Apenas uma rodada de funding
149,1.3,2.65,0.0,3.68,4,3,2,1,0,0,0,0,1,0,0,0,0,0,2.0,1,15.004063484700145,1,1.3499999999999999,3.68,0.8510638297872342,0.5,Múltiplas rodadas de funding
803,2.0,2.0,-1.0,3.52,3,1,2,0,0,0,0,1,0,0,1,0,0,0,1.0,1,15.607270193858982,19,0.0,4.52,2.0,0.5,Apenas uma rodada de funding
392,0.84,7.59,11.59,13.59,35,4,5,0,0,1,0,0,1,0,1,1,1,0,2.5,1,17.312018149733785,5,6.75,2.0,0.6451612903225806,0.5,Múltiplas rodadas de funding
472,0.28,0.28,0.0,0.28,2,1,2,0,0,0,0,1,0,0,1,0,0,0,4.0,0,13.997832948091215,0,0.0,0.28,2.0,2.0,Apenas uma rodada de funding
611,0.68,1.92,4.98,6.65,13,2,3,1,0,0,0,0,0,0,1,1,0,0,4.5,1,16.475770165160203,33,1.2399999999999998,1.67,1.3392857142857144,1.5,Múltiplas rodadas de funding
225,0.46,0.46,1.28,1.82,16,1,2,1,0,0,0,0,0,0,1,0,0,0,5.0,0,15.068273812173887,8,0.0,0.54,2.0,2.5,Apenas uma rodada de funding
735,0.9,0.9,0.41,1.63,12,1,3,0,1,0,0,0,0,0,1,0,0,0,16.0,1,14.166168133802547,28,0.0,1.22,3.0,8.0,Apenas uma rodada de funding
785,0.02,1.57,2.48,4.87,12,3,2,0,1,0,0,0,0,1,0,0,0,0,6.0,1,14.085538458535822,29,1.55,2.39,0.7843137254901962,1.5,Múltiplas rodadas de funding
462,2.43,9.01,8.58,10.01,10,6,3,1,0,0,0,0,1,0,0,1,1,0,3.6667,1,17.98418927271177,17,6.58,1.4299999999999997,0.39577836411609496,0.5238142857142857,Múltiplas rodadas de funding
895,0.68,1.31,0.33,2.59,5,2,2,0,0,1,0,0,0,1,1,0,0,0,9.0,1,15.341567078850604,0,0.63,2.26,1.2269938650306749,3.0,Múltiplas rodadas de funding
779,2.0,3.56,4.57,4.57,3,2,1,0,0,0,0,1,1,1,0,0,0,0,2.0,0,14.557448378884015,17,1.56,0.0,0.390625,0.6666666666666666,Múltiplas rodadas de funding
31,1.35,2.16,4.52,4.52,3,2,1,1,0,0,0,0,0,0,1,1,0,0,2.0,0,16.166885910365842,21,0.81,0.0,0.5524861878453039,0.6666666666666666,Múltiplas rodadas de funding
888,4.53,4.53,5.53,5.53,1,1,1,1,0,0,0,0,1,0,0,0,0,0,4.0,0,14.085538458535822,20,0.0,0.0,1.0,2.0,Apenas uma rodada de funding
246,4.82,4.82,0.25,0.25,1,1,1,0,0,0,1,0,1,0,0,0,0,0,1.0,0,15.424948670398354,17,0.0,0.0,1.0,0.5,Apenas uma rodada de funding
657,6.13,6.13,7.17,7.17,5,1,1,1,0,0,0,0,0,0,0,1,0,0,2.0,1,15.894952224644102,26,0.0,0.0,1.0,1.0,Apenas uma rodada de funding
249,0.54,1.5,-1.0,2.21,6,2,2,0,0,0,0,1,1,1,0,0,0,0,3.0,1,14.496079462646344,8,0.96,3.21,1.0204081632653061,1.0,Múltiplas rodadas de funding
565,3.81,5.18,1.75,3.59,2,2,2,1,0,0,0,0,1,0,0,0,1,0,3.0,0,16.648723960844016,29,1.3699999999999997,1.8399999999999999,0.8438818565400845,1.0,Múltiplas rodadas de funding
553,1.16,1.16,-1.0,2.96,3,1,3,1,0,0,0,0,0,1,0,0,0,0,7.0,1,12.230770136157428,33,0.0,3.96,3.0,3.5,Apenas uma rodada de funding
780,0.42,0.89,0.08,1.86,3,2,3,0,0,0,0,1,1,0,1,0,0,0,1.0,1,14.99416586199818,32,0.47000000000000003,1.78,2.0408163265306123,0.3333333333333333,Múltiplas rodadas de funding
891,0.16,0.16,1.48,1.48,3,1,1,1,0,0,0,0,1,0,0,0,0,0,1.0,1,14.914123179965662,29,0.0,0.0,1.0,0.5,Apenas uma rodada de funding
159,1.96,1.96,1.0,1.0,5,1,1,1,0,0,0,0,0,0,1,0,0,0,1.0,0,15.424948670398354,33,0.0,0.0,1.0,0.5,Apenas uma rodada de funding
529,0.58,4.85,0.91,5.42,10,5,4,1,0,0,0,0,0,0,1,1,1,0,4.3333,1,18.179546921282345,11,4.27,4.51,0.7590132827324478,0.7222166666666667,Múltiplas rodadas de funding
408,5.23,5.23,5.76,7.49,31,5,3,0,1,0,0,0,1,0,1,1,1,0,2.5,1,17.426428497635523,20,0.0,1.7300000000000004,3.0,0.4166666666666667,Apenas uma rodada de funding
305,0.8,0.8,0.0,1.41,5,1,2,1,0,0,0,0,0,0,1,0,0,0,1.0,0,15.424948670398354,33,0.0,1.41,2.0,0.5,Apenas uma rodada de funding
437,0.17,0.53,0.17,2.44,4,2,2,0,1,0,0,0,0,1,0,0,0,0,6.0,1,13.798365416422785,16,0.36,2.27,1.4705882352941178,2.0,Múltiplas rodadas de funding
880,1.09,7.76,6.88,6.88,9,5,1,1,0,0,0,0,1,0,1,1,1,0,4.0,1,17.50439003707821,17,6.67,0.0,0.1303780964797914,0.6666666666666666,Múltiplas rodadas de funding
8,1.65,6.76,5.61,7.36,25,3,3,1,0,0,0,0,0,0,1,1,0,1,3.5,1,17.344807971579257,10,5.109999999999999,1.75,0.49099836333878893,0.875,Múltiplas rodadas de funding
558,1.29,3.85,1.39,4.24,11,2,4,1,0,0,0,0,0,0,1,1,0,0,1.5,1,16.051547752373384,1,2.56,2.8500000000000005,1.1235955056179776,0.5,Múltiplas rodadas de funding
912,4.45,8.08,6.59,6.59,4,6,1,1,0,0,0,0,1,0,1,0,1,0,3.0,0,17.707511064326216,3,3.63,0.0,0.2159827213822894,0.42857142857142855,Múltiplas rodadas de funding
396,0.84,1.9,2.3,3.84,21,2,3,1,0,0,0,0,0,1,1,0,0,0,12.5,1,15.414898336565054,33,1.06,1.54,1.4563106796116505,4.166666666666667,Múltiplas rodadas de funding
52,1.89,2.45,2.0,3.28,4,2,3,0,0,1,0,0,0,0,0,0,0,0,1.0,1,16.257857680289998,17,0.5600000000000003,1.2799999999999998,1.9230769230769227,0.3333333333333333,Múltiplas rodadas de funding
310,3.88,5.86,2.84,6.11,9,2,4,0,1,0,0,0,1,0,0,0,0,0,8.0,1,15.717618233614914,18,1.9800000000000004,3.2700000000000005,1.3422818791946307,2.6666666666666665,Múltiplas rodadas de funding
523,4.59,4.59,-1.0,-1.0,1,1,0,0,0,0,0,1,1,0,0,0,0,0,1.0,0,11.51293546492023,3,0.0,0.0,0.0,0.5,Apenas uma rodada de funding
752,2.58,4.61,0.58,10.22,3,2,3,1,0,0,0,0,0,1,1,0,0,0,1.5,1,15.775605482856605,33,2.0300000000000002,9.64,0.99009900990099,0.5,Múltiplas rodadas de funding
508,1.0,8.88,4.0,9.19,7,5,2,1,0,0,0,0,1,0,1,1,1,1,9.3333,1,17.952275852044767,27,7.880000000000001,5.1899999999999995,0.2252252252252252,1.55555,Múltiplas rodadas de funding
256,6.84,8.31,-1.0,-1.0,5,2,0,0,0,0,0,1,1,0,1,0,0,0,3.0,0,15.803385043104912,3,1.4700000000000006,0.0,0.0,1.0,Múltiplas rodadas de funding
468,2.0,2.0,1.03,3.16,8,1,3,0,1,0,0,0,0,1,0,0,0,0,2.0,0,12.206077645517674,17,0.0,2.13,3.0,1.0,Apenas uma rodada de funding
635,1.31,1.31,1.0,1.31,3,1,2,0,0,0,0,1,0,0,1,0,0,0,1.0,0,13.122365377402328,6,0.0,0.31000000000000005,2.0,0.5,Apenas uma rodada de funding
734,1.65,1.65,-1.0,-1.0,4,2,0,1,0,0,0,0,0,1,1,0,0,0,2.0,1,15.830413711839864,29,0.0,0.0,0.0,0.6666666666666666,Apenas uma rodada de funding
132,1.06,1.77,1.03,1.11,6,3,2,0,0,0,0,1,0,1,0,0,0,0,1.0,0,11.797246896789762,11,0.71,0.08000000000000007,1.1695906432748537,0.25,Múltiplas rodadas de funding
788,0.0,0.0,0.0,0.0,2,1,1,0,0,0,0,1,0,1,0,0,0,0,1.0,0,12.429220196836383,6,0.0,0.0,1.0,0.5,Recebeu funding no 1º ano
859,2.58,2.58,3.0,4.61,4,1,2,1,0,0,0,0,0,0,0,1,0,0,4.0,0,16.811242881518265,29,0.0,1.6100000000000003,2.0,2.0,Apenas uma rodada de funding
449,0.12,1.15,-1.0,-1.0,7,3,0,0,0,1,0,0,0,0,1,1,1,0,2.6667,1,17.553180200057167,0,1.0299999999999998,0.0,0.0,0.666675,Múltiplas rodadas de funding
129,2.32,4.24,-1.0,-1.0,2,2,1,0,0,0,0,1,1,0,0,1,0,0,3.0,0,16.176364653421913,17,1.9200000000000004,0.0,0.3424657534246575,1.0,Múltiplas rodadas de funding
868,0.96,5.72,6.04,6.88,18,6,3,1,0,0,0,0,1,0,1,1,1,0,2.3333,1,17.376556668977415,1,4.76,0.8399999999999999,0.5208333333333334,0.3333285714285714,Múltiplas rodadas de funding
597,3.39,3.39,-1.0,4.43,4,1,2,0,0,0,0,1,1,0,0,0,0,0,2.0,1,14.220976332738882,8,0.0,5.43,2.0,1.0,Apenas uma rodada de funding
727,3.75,4.97,4.68,4.84,10,2,2,1,0,0,0,0,0,0,1,1,0,0,3.5,1,18.049617077054286,29,1.2199999999999998,0.16000000000000014,0.900900900900901,1.1666666666666667,Múltiplas rodadas de funding
871,3.05,9.48,1.0,1.0,4,5,1,0,0,1,0,0,1,0,0,1,1,1,2.0,1,17.312018149733785,17,6.430000000000001,0.0,0.1345895020188425,0.3333333333333333,Múltiplas rodadas de funding
538,4.18,5.54,6.38,6.38,0,2,1,1,0,0,0,0,0,0,1,0,0,0,1.5,1,15.894952224644102,11,1.3600000000000003,0.0,0.42372881355932196,0.5,Múltiplas rodadas de funding
163,4.38,5.96,5.5,5.5,5,2,1,0,0,0,0,1,1,0,0,1,0,0,4.0,0,17.822843761378564,3,1.58,0.0,0.38759689922480617,1.3333333333333333,Múltiplas rodadas de funding
117,10.76,10.76,-1.0,-1.0,0,1,0,1,0,0,0,0,0,0,0,0,0,0,1.0,0,14.508658238524095,3,0.0,0.0,0.0,0.5,Apenas uma rodada de funding
375,2.22,7.93,1.67,9.09,7,3,5,1,0,0,0,0,1,0,0,1,1,0,4.0,1,17.511862051730805,17,5.709999999999999,7.42,0.745156482861401,1.0,Múltiplas rodadas de funding
75,1.81,1.81,-1.0,-1.0,1,1,0,0,0,0,1,0,0,0,1,0,0,0,1.0,0,14.914123179965662,29,0.0,0.0,0.0,0.5,Apenas uma rodada de funding
109,2.72,2.72,0.92,6.31,5,1,3,1,0,0,0,0,0,1,0,0,0,0,7.0,1,13.304686600863562,33,0.0,5.39,3.0,3.5,Apenas uma rodada de funding
333,2.17,3.08,3.09,4.78,7,3,3,1,0,0,0,0,1,0,0,0,0,0,1.6667,1,15.716689743138032,24,0.9100000000000001,1.6900000000000004,1.5706806282722512,0.416675,Múltiplas rodadas de funding
302,1.92,2.58,2.0,6.92,10,2,3,1,0,0,0,0,0,1,1,0,0,0,1.0,0,15.096444681204078,33,0.6600000000000001,4.92,1.8072289156626504,0.3333333333333333,Múltiplas rodadas de funding
851,0.43,1.13,2.69,3.54,23,2,2,1,0,0,0,0,0,1,1,0,0,0,4.5,1,16.097893045681612,20,0.7,0.8500000000000001,1.1764705882352942,1.5,Múltiplas rodadas de funding
251,2.35,2.35,-1.0,-1.0,0,1,0,0,0,0,0,1,0,0,0,0,1,0,1.0,0,17.370858648025116,4,0.0,0.0,0.0,0.5,Apenas uma rodada de funding
12,1.08,5.34,-1.0,4.61,8,5,2,1,0,0,0,0,1,1,1,0,0,0,1.75,0,16.15731646026544,33,4.26,5.61,0.3802281368821293,0.2916666666666667,Múltiplas rodadas de funding
623,2.95,3.56,0.0,0.0,3,2,1,1,0,0,0,0,0,0,0,1,0,0,1.0,1,16.84840291341313,3,0.6099999999999999,0.0,0.6211180124223603,0.3333333333333333,Múltiplas rodadas de funding
459,6.04,6.04,10.5,12.61,19,1,4,0,0,0,0,1,1,0,0,0,0,0,1.0,1,15.894952224644102,33,0.0,2.1099999999999994,4.0,0.5,Apenas uma rodada de funding
715,5.42,8.3,8.01,8.01,6,3,1,1,0,0,0,0,1,0,0,0,0,1,4.6667,1,18.002130411493113,19,2.880000000000001,0.0,0.25773195876288657,1.166675,Múltiplas rodadas de funding
71,0.68,0.68,2.92,4.23,15,1,3,1,0,0,0,0,0,0,1,0,0,0,3.0,1,15.201805169084134,33,0.0,1.3100000000000005,3.0,1.5,Apenas uma rodada de funding
422,0.21,1.08,0.16,2.65,3,4,3,0,1,0,0,0,0,1,1,0,0,0,3.0,1,15.250595321348806,29,0.8700000000000001,2.4899999999999998,1.6042780748663101,0.6,Múltiplas rodadas de funding
507,0.75,7.09,8.01,9.87,5,2,3,0,1,0,0,0,0,1,1,0,0,0,1.0,1,16.530205368010318,0,6.34,1.8599999999999994,0.4087193460490463,0.3333333333333333,Múltiplas rodadas de funding
372,2.07,2.07,-1.0,-1.0,3,1,1,0,0,1,0,0,0,0,0,0,0,1,5.0,1,17.034386422832473,29,0.0,0.0,1.0,2.5,Apenas uma rodada de funding
517,2.78,5.0,4.16,10.75,2,3,2,1,0,0,0,0,1,0,0,0,1,0,5.0,1,16.67198082165602,33,2.22,6.59,0.6211180124223602,1.25,Múltiplas rodadas de funding
778,1.42,1.42,1.0,1.0,7,1,1,1,0,0,0,0,0,0,0,1,0,0,2.0,1,15.607270193858982,0,0.0,0.0,1.0,1.0,Apenas uma rodada de funding
313,0.67,0.67,-1.0,-1.0,20,3,0,1,0,0,0,0,1,0,1,0,0,0,4.0,1,16.929025911619092,25,0.0,0.0,0.0,1.0,Apenas uma rodada de funding
781,6.57,7.16,-1.0,-1.0,1,3,0,1,0,0,0,0,1,0,0,1,0,0,3.5,0,18.812722838485147,12,0.5899999999999999,0.0,0.0,0.875,Múltiplas rodadas de funding
791,1.82,1.82,3.9,5.91,15,1,3,1,0,0,0,0,0,0,1,0,0,0,1.0,1,14.648420115681892,33,0.0,2.0100000000000002,3.0,0.5,Apenas uma rodada de funding
94,0.12,1.34,1.83,2.67,24,2,2,1,0,0,0,0,0,0,1,0,0,0,7.0,1,16.007164201982874,1,1.2200000000000002,0.8399999999999999,0.9009009009009008,2.3333333333333335,Múltiplas rodadas de funding
812,1.62,5.33,-1.0,-1.0,5,2,1,1,0,0,0,0,1,0,1,0,0,0,3.0,1,16.118095750958314,27,3.71,0.0,0.21231422505307856,1.0,Múltiplas rodadas de funding
195,0.89,0.89,0.83,4.21,8,1,4,1,0,0,0,0,0,1,0,0,0,0,4.0,1,14.077875591662238,33,0.0,3.38,4.0,2.0,Apenas uma rodada de funding
99,4.28,4.28,2.42,5.52,7,1,2,1,0,0,0,0,0,1,0,0,0,0,3.0,1,12.899222326086994,28,0.0,3.0999999999999996,2.0,1.5,Apenas uma rodada de funding
646,3.09,3.09,1.0,1.0,4,1,1,1,0,0,0,0,0,0,0,1,0,0,2.0,1,16.410765339548004,23,0.0,0.0,1.0,1.0,Apenas uma rodada de funding
762,0.67,3.99,5.08,7.37,27,3,4,1,0,0,0,0,1,0,1,0,0,0,2.0,0,16.214833901493158,17,3.3200000000000003,2.29,0.9259259259259258,0.5,Múltiplas rodadas de funding
733,5.43,9.5,-1.0,-1.0,13,3,0,0,0,0,0,1,0,0,1,1,0,0,3.0,1,16.454567959008102,22,4.07,0.0,0.0,0.75,Múltiplas rodadas de funding
57,2.16,4.76,4.0,6.75,13,3,2,1,0,0,0,0,1,0,1,1,0,0,2.0,1,16.300417291085605,1,2.5999999999999996,2.75,0.5555555555555556,0.5,Múltiplas rodadas de funding
576,1.56,3.16,3.0,3.5,8,2,2,0,1,0,0,0,1,0,0,1,0,0,2.0,1,16.89512436147598,11,1.6,0.5,0.7692307692307692,0.6666666666666666,Múltiplas rodadas de funding
2,5.13,10.0,7.01,7.01,9,4,1,1,0,0,0,0,1,0,0,1,1,1,4.75,1,17.50688691721445,8,4.87,0.0,0.17035775127768313,0.95,Múltiplas rodadas de funding
288,1.93,4.04,2.0,10.19,2,2,3,1,0,0,0,0,0,0,0,1,1,0,2.5,1,17.00598694946304,33,2.1100000000000003,8.19,0.9646302250803858,0.8333333333333334,Múltiplas rodadas de funding
26,4.84,4.84,1.0,1.0,3,1,1,0,0,0,0,1,0,0,0,0,1,0,4.0,1,16.380459992348886,29,0.0,0.0,1.0,2.0,Apenas uma rodada de funding
29,2.51,4.53,4.93,5.68,37,5,2,0,0,0,1,0,1,0,1,0,1,0,1.75,1,19.517624978858677,33,2.0200000000000005,0.75,0.662251655629139,0.2916666666666667,Múltiplas rodadas de funding
365,4.6,9.42,5.26,9.78,19,4,2,0,0,0,0,1,0,0,0,0,0,0,4.25,1,22.463732011962353,17,4.82,4.52,0.3436426116838488,0.85,Múltiplas rodadas de funding
607,8.1,12.37,11.84,12.05,11,4,2,0,0,1,0,0,1,0,1,0,1,0,2.3333,0,17.001863232449228,29,4.27,0.21000000000000085,0.3795066413662239,0.46665999999999996,Múltiplas rodadas de funding
902,3.13,5.25,3.13,3.54,6,2,2,1,0,0,0,0,1,0,0,0,0,0,1.5,0,15.72653359594813,33,2.12,0.41000000000000014,0.641025641025641,0.5,Múltiplas rodadas de funding
337,0.0,0.0,3.41,3.41,3,1,1,1,0,0,0,0,0,1,0,0,0,0,3.0,0,12.429220196836383,19,0.0,0.0,1.0,1.5,Recebeu funding no 1º ano
72,-1.0,-1.0,0.14,0.14,3,1,1,1,0,0,0,0,0,1,0,0,0,0,1.0,1,12.779875885354993,29,0.0,0.0,1.0,0.5,Nunca recebeu funding
276,1.79,3.3,2.08,2.33,8,3,2,0,0,0,0,1,0,1,1,0,0,0,9.5,0,15.0251259131164,1,1.5099999999999998,0.25,0.7968127490039841,2.375,Múltiplas rodadas de funding
298,3.7,4.1,-1.0,-1.0,4,2,0,0,0,1,0,0,0,0,0,1,0,0,5.0,1,16.52356082573315,8,0.39999999999999947,0.0,0.0,1.6666666666666667,Múltiplas rodadas de funding
363,5.75,5.75,8.01,9.84,4,1,2,0,1,0,0,0,0,0,1,0,0,0,3.0,1,13.815511557963774,29,0.0,1.83,2.0,1.5,Apenas uma rodada de funding
512,6.26,6.26,6.01,6.01,10,1,1,1,0,0,0,0,0,0,0,0,0,0,9.0,0,16.915602891887552,23,0.0,0.0,1.0,4.5,Apenas uma rodada de funding
